-- phpMyAdmin SQL Dump
-- version 5.0.1
-- https://www.phpmyadmin.net/
--
-- Máy chủ: 127.0.0.1
-- Thời gian đã tạo: Th5 11, 2020 lúc 05:30 AM
-- Phiên bản máy phục vụ: 10.4.11-MariaDB
-- Phiên bản PHP: 7.2.28

SET SQL_MODE = "NO_AUTO_VALUE_ON_ZERO";
SET AUTOCOMMIT = 0;
START TRANSACTION;
SET time_zone = "+00:00";


/*!40101 SET @OLD_CHARACTER_SET_CLIENT=@@CHARACTER_SET_CLIENT */;
/*!40101 SET @OLD_CHARACTER_SET_RESULTS=@@CHARACTER_SET_RESULTS */;
/*!40101 SET @OLD_COLLATION_CONNECTION=@@COLLATION_CONNECTION */;
/*!40101 SET NAMES utf8mb4 */;

--
-- Cơ sở dữ liệu: `eapi`
--

-- --------------------------------------------------------

--
-- Cấu trúc bảng cho bảng `migrations`
--

CREATE TABLE `migrations` (
  `id` int(10) UNSIGNED NOT NULL,
  `migration` varchar(255) COLLATE utf8mb4_unicode_ci NOT NULL,
  `batch` int(11) NOT NULL
) ENGINE=InnoDB DEFAULT CHARSET=utf8mb4 COLLATE=utf8mb4_unicode_ci;

--
-- Đang đổ dữ liệu cho bảng `migrations`
--

INSERT INTO `migrations` (`id`, `migration`, `batch`) VALUES
(1, '2014_10_12_000000_create_users_table', 1),
(2, '2014_10_12_100000_create_password_resets_table', 1),
(3, '2020_05_09_131708_create_products_table', 1),
(4, '2020_05_09_131824_create_reviews_table', 1);

-- --------------------------------------------------------

--
-- Cấu trúc bảng cho bảng `password_resets`
--

CREATE TABLE `password_resets` (
  `email` varchar(255) COLLATE utf8mb4_unicode_ci NOT NULL,
  `token` varchar(255) COLLATE utf8mb4_unicode_ci NOT NULL,
  `created_at` timestamp NULL DEFAULT NULL
) ENGINE=InnoDB DEFAULT CHARSET=utf8mb4 COLLATE=utf8mb4_unicode_ci;

-- --------------------------------------------------------

--
-- Cấu trúc bảng cho bảng `products`
--

CREATE TABLE `products` (
  `id` int(10) UNSIGNED NOT NULL,
  `name` varchar(255) COLLATE utf8mb4_unicode_ci NOT NULL,
  `detail` text COLLATE utf8mb4_unicode_ci NOT NULL,
  `price` int(11) NOT NULL,
  `stock` int(11) NOT NULL,
  `discount` int(11) NOT NULL,
  `created_at` timestamp NULL DEFAULT NULL,
  `updated_at` timestamp NULL DEFAULT NULL
) ENGINE=InnoDB DEFAULT CHARSET=utf8mb4 COLLATE=utf8mb4_unicode_ci;

--
-- Đang đổ dữ liệu cho bảng `products`
--

INSERT INTO `products` (`id`, `name`, `detail`, `price`, `stock`, `discount`, `created_at`, `updated_at`) VALUES
(1, 'eligendi', 'Amet rem consequatur alias voluptatem enim mollitia ea. Quis quaerat a et. Iusto ea necessitatibus vel.', 919, 7, 30, '2020-05-10 19:55:41', '2020-05-10 19:55:41'),
(2, 'fuga', 'Quos in consequatur asperiores quam. Esse nemo aut ipsam nobis explicabo enim. In harum ut reiciendis qui sed quaerat aut. Eos quo qui adipisci qui.', 345, 2, 14, '2020-05-10 19:55:41', '2020-05-10 19:55:41'),
(3, 'quia', 'Repellat et eaque alias minima corrupti expedita ipsa. Beatae ut sit sit aperiam ut voluptas harum laboriosam. Rem ducimus alias corporis. Quia illum consectetur esse magnam consequuntur tempore aspernatur.', 528, 8, 14, '2020-05-10 19:55:42', '2020-05-10 19:55:42'),
(4, 'in', 'Enim dignissimos magnam recusandae non aut aut. Aliquid vero aut nesciunt expedita. Perspiciatis amet sed dolor voluptatem eveniet.', 585, 7, 20, '2020-05-10 19:55:42', '2020-05-10 19:55:42'),
(5, 'architecto', 'Veritatis optio labore perspiciatis consequatur. Repellendus est quis nam eius esse eum. A at nemo ratione et et qui iusto. Aliquid voluptate pariatur aut assumenda sequi dolor provident.', 325, 1, 3, '2020-05-10 19:55:42', '2020-05-10 19:55:42'),
(6, 'voluptatem', 'Sunt voluptas ad deserunt dolorem pariatur qui. A illum quia sint ea rem dolorem consectetur. Blanditiis recusandae ea sit sed tenetur eligendi.', 546, 7, 28, '2020-05-10 19:55:42', '2020-05-10 19:55:42'),
(7, 'corrupti', 'Nemo consequatur nobis voluptas necessitatibus et modi necessitatibus. Vitae mollitia voluptas hic aliquam laborum voluptatum ex. Voluptas earum est magnam minus fugit earum quod.', 928, 6, 16, '2020-05-10 19:55:42', '2020-05-10 19:55:42'),
(8, 'soluta', 'Maiores numquam eos a consectetur commodi possimus repellat. Laudantium architecto occaecati quod est. Mollitia veritatis voluptatem ut consectetur vero tempore in. Ipsam sit id earum enim amet mollitia.', 915, 6, 20, '2020-05-10 19:55:42', '2020-05-10 19:55:42'),
(9, 'quia', 'In fugit dolore optio. Doloribus sint quod rerum harum deserunt. Dolor maiores aliquid ad rerum incidunt vero vel aut. Quia dolore voluptates praesentium rerum.', 602, 3, 16, '2020-05-10 19:55:42', '2020-05-10 19:55:42'),
(10, 'minus', 'Omnis sit unde sequi quis quo similique et facilis. Quia corporis qui fugit perspiciatis possimus nemo quasi at. Autem aut non dolor perferendis. Laboriosam blanditiis saepe quia assumenda. Quas cupiditate impedit at neque.', 979, 7, 28, '2020-05-10 19:55:42', '2020-05-10 19:55:42'),
(11, 'laborum', 'Error adipisci at excepturi voluptatem eligendi nihil quam est. Et in autem autem molestiae eligendi.', 329, 3, 26, '2020-05-10 19:55:42', '2020-05-10 19:55:42'),
(12, 'quam', 'Ut ducimus at animi fugit harum. Ut aliquam labore eveniet voluptas quod soluta. Ad voluptas perferendis voluptatibus hic odio saepe. Tempora natus a et qui et.', 963, 0, 30, '2020-05-10 19:55:42', '2020-05-10 19:55:42'),
(13, 'perferendis', 'Non sit ea eaque quo sed. Ut occaecati a illum eaque optio atque harum.', 592, 1, 3, '2020-05-10 19:55:42', '2020-05-10 19:55:42'),
(14, 'odio', 'Minima in hic et nobis. Sint ut sint enim soluta eaque sit consequatur sed. Facere suscipit facilis eos veniam.', 688, 7, 22, '2020-05-10 19:55:42', '2020-05-10 19:55:42'),
(15, 'vel', 'Quam aut est expedita necessitatibus unde. Neque aut repellendus impedit rerum aliquid doloribus. Praesentium eum est cum eos officiis omnis placeat.', 686, 9, 2, '2020-05-10 19:55:42', '2020-05-10 19:55:42'),
(16, 'excepturi', 'Molestiae sint assumenda sapiente. Sed dignissimos quam quis optio et voluptas. Voluptatibus qui nam ut aut enim quis modi.', 453, 3, 14, '2020-05-10 19:55:42', '2020-05-10 19:55:42'),
(17, 'molestiae', 'Placeat sed inventore beatae impedit. Sunt tempora voluptatem libero a dignissimos. Cumque rerum libero minus eos.', 504, 5, 24, '2020-05-10 19:55:42', '2020-05-10 19:55:42'),
(18, 'atque', 'Reiciendis odio iusto velit vel molestiae molestiae deserunt. Minus aspernatur sint quisquam molestiae. Rem et ab quos quia corporis dolores asperiores. Est incidunt autem et veritatis.', 733, 7, 4, '2020-05-10 19:55:42', '2020-05-10 19:55:42'),
(19, 'tenetur', 'Sit aspernatur explicabo et a non repudiandae. Aliquam ipsum voluptas tenetur voluptas qui et est.', 340, 4, 13, '2020-05-10 19:55:42', '2020-05-10 19:55:42'),
(20, 'quibusdam', 'Aut explicabo perferendis rerum et eligendi. Molestias placeat voluptas dicta repudiandae rerum praesentium perferendis. Optio quia sit ducimus ea.', 260, 6, 12, '2020-05-10 19:55:42', '2020-05-10 19:55:42'),
(21, 'architecto', 'Et in eius ab impedit cumque. Asperiores voluptas laborum sed molestias possimus maxime ut. Dignissimos nihil velit nulla non corporis magnam voluptatem.', 828, 7, 21, '2020-05-10 19:55:42', '2020-05-10 19:55:42'),
(22, 'vel', 'Sint voluptatem sint eos odio. Eveniet itaque ea molestias ut non sapiente. Omnis totam ut voluptas. Dolores optio voluptas tenetur vero.', 816, 4, 4, '2020-05-10 19:55:42', '2020-05-10 19:55:42'),
(23, 'tenetur', 'Reprehenderit modi natus eveniet officia aliquam. Eum natus vel temporibus. Voluptatem pariatur aut ullam quae dolor tenetur ipsum.', 308, 8, 9, '2020-05-10 19:55:42', '2020-05-10 19:55:42'),
(24, 'exercitationem', 'Neque soluta quia nihil doloremque et ut repellat. Dolores aspernatur dignissimos eveniet nisi ducimus repellendus beatae. Est rerum id ullam qui cum quia.', 127, 7, 18, '2020-05-10 19:55:42', '2020-05-10 19:55:42'),
(25, 'illo', 'Velit facere quibusdam deleniti non inventore. Recusandae ut sed dicta ullam vitae optio asperiores doloremque. Quia quasi soluta non corrupti.', 290, 4, 22, '2020-05-10 19:55:42', '2020-05-10 19:55:42'),
(26, 'et', 'Ab numquam voluptas in et rerum totam qui. Aut harum architecto quidem minima hic suscipit consequatur. Minus odit incidunt a vel necessitatibus quaerat recusandae.', 804, 5, 6, '2020-05-10 19:55:42', '2020-05-10 19:55:42'),
(27, 'et', 'Et est cupiditate laudantium. Soluta molestiae harum repellendus ut qui voluptatum quia ipsum. Sed quibusdam unde laboriosam animi. Aliquam possimus facilis vitae et reprehenderit modi ut.', 380, 6, 2, '2020-05-10 19:55:42', '2020-05-10 19:55:42'),
(28, 'dolor', 'Magni aliquam repudiandae natus tempore ex. Aut repudiandae alias voluptatem. Quis cumque sed quo rem.', 735, 9, 22, '2020-05-10 19:55:42', '2020-05-10 19:55:42'),
(29, 'quasi', 'Repellendus blanditiis culpa vel. Iste illo ea ipsa nam non. Nesciunt deleniti dolorum voluptas qui voluptas dolor.', 792, 6, 14, '2020-05-10 19:55:42', '2020-05-10 19:55:42'),
(30, 'non', 'Sint saepe iure ipsum. Nostrum nobis illum voluptatibus dolorem quas aut. Sapiente ipsam cumque vel. Minus non animi assumenda unde neque sed.', 490, 9, 17, '2020-05-10 19:55:42', '2020-05-10 19:55:42'),
(31, 'a', 'Eveniet quasi minus magni aspernatur. Dolorem cumque voluptatibus sint facilis. Ut soluta consequatur ab quis qui nisi. Iure quasi perspiciatis quia saepe inventore.', 182, 5, 10, '2020-05-10 19:55:42', '2020-05-10 19:55:42'),
(32, 'non', 'Mollitia aliquam eum numquam incidunt reiciendis velit. Vero consequatur possimus fugiat eos voluptas aliquam. Et itaque omnis quis.', 568, 5, 21, '2020-05-10 19:55:42', '2020-05-10 19:55:42'),
(33, 'consectetur', 'Nobis eaque iste tenetur qui. Hic voluptatem consequatur explicabo fuga laborum et qui. Eaque voluptatem dignissimos et dolore.', 603, 8, 20, '2020-05-10 19:55:42', '2020-05-10 19:55:42'),
(34, 'ad', 'Deserunt iste odit sed voluptatem architecto. Alias voluptatum et voluptatem blanditiis ipsum. Sunt vitae sed quo alias.', 958, 0, 3, '2020-05-10 19:55:42', '2020-05-10 19:55:42'),
(35, 'doloremque', 'Enim dolor dolorem suscipit blanditiis. Perspiciatis repellat cupiditate natus quas delectus. Accusantium qui eaque ipsam perspiciatis nulla.', 656, 5, 19, '2020-05-10 19:55:42', '2020-05-10 19:55:42'),
(36, 'dolorem', 'Eos dolorem velit quaerat ipsa quo laudantium. Ut exercitationem doloremque voluptatem vero et.', 677, 5, 22, '2020-05-10 19:55:42', '2020-05-10 19:55:42'),
(37, 'voluptatem', 'Aut sint vel aut magnam. Quia aperiam numquam iure repellendus pariatur.', 190, 0, 25, '2020-05-10 19:55:42', '2020-05-10 19:55:42'),
(38, 'at', 'Nostrum sequi commodi fugiat molestias itaque dicta modi rerum. Commodi possimus rerum rerum unde eius natus vitae. Ut sit est velit enim deleniti quibusdam aut. Neque eligendi reprehenderit et deleniti enim nemo.', 786, 1, 12, '2020-05-10 19:55:42', '2020-05-10 19:55:42'),
(39, 'officia', 'Maxime vel aperiam quod. Amet velit dolores architecto sunt nobis et sequi necessitatibus. Magni odit aliquam natus sit nihil quisquam accusantium.', 417, 9, 14, '2020-05-10 19:55:42', '2020-05-10 19:55:42'),
(40, 'voluptatibus', 'Quibusdam vel hic cum. Quisquam dolores architecto possimus porro. Ea qui laborum hic quia voluptates officiis qui.', 903, 0, 30, '2020-05-10 19:55:42', '2020-05-10 19:55:42'),
(41, 'tenetur', 'Ad nobis vel enim consequuntur suscipit omnis incidunt. Voluptatem dolores accusantium ipsum a velit autem. Excepturi voluptate dicta inventore nam.', 362, 1, 19, '2020-05-10 19:55:42', '2020-05-10 19:55:42'),
(42, 'harum', 'Eligendi beatae aut aut rerum. Minima expedita totam tempore ullam eligendi molestiae qui.', 120, 8, 22, '2020-05-10 19:55:42', '2020-05-10 19:55:42'),
(43, 'dolore', 'Quia recusandae molestiae quia et eius id. Mollitia officiis quidem corporis aut ex aliquid harum aperiam. Eum et voluptatem sit id. Ut porro eum doloremque deleniti deleniti in.', 842, 6, 18, '2020-05-10 19:55:42', '2020-05-10 19:55:42'),
(44, 'dolor', 'Quidem repellat voluptate dolorum et. Non autem accusamus dignissimos soluta commodi molestias. Aut veniam facilis eius ab labore.', 663, 1, 6, '2020-05-10 19:55:42', '2020-05-10 19:55:42'),
(45, 'accusantium', 'Aut eaque qui animi explicabo doloremque rerum. Voluptatibus minima sint ratione adipisci dignissimos iure. Eos porro nesciunt debitis dolorem saepe vitae omnis.', 539, 5, 18, '2020-05-10 19:55:42', '2020-05-10 19:55:42'),
(46, 'corporis', 'Impedit distinctio non placeat sequi aut. Doloribus laudantium unde itaque recusandae. Accusamus qui illum quia dolores ducimus quis. Minima eum quis animi voluptatibus eos autem qui.', 929, 7, 25, '2020-05-10 19:55:42', '2020-05-10 19:55:42'),
(47, 'blanditiis', 'Eum aut pariatur id illum. Dolor quo facere molestiae.', 243, 8, 23, '2020-05-10 19:55:42', '2020-05-10 19:55:42'),
(48, 'facilis', 'Aut totam at harum consequatur ut sed. Eos inventore ut accusantium est.', 575, 7, 29, '2020-05-10 19:55:42', '2020-05-10 19:55:42'),
(49, 'rerum', 'Voluptas eaque libero similique aut quaerat provident consequatur dignissimos. Temporibus consectetur perspiciatis id beatae sunt. Autem impedit corrupti soluta sit eum omnis et voluptas. Accusantium qui quia molestias dolores molestias corrupti vero deleniti.', 118, 9, 4, '2020-05-10 19:55:42', '2020-05-10 19:55:42'),
(50, 'dolorem', 'Quia soluta qui earum. Aliquid sequi et inventore tempore repellendus tempora rerum quos.', 187, 5, 24, '2020-05-10 19:55:42', '2020-05-10 19:55:42');

-- --------------------------------------------------------

--
-- Cấu trúc bảng cho bảng `reviews`
--

CREATE TABLE `reviews` (
  `id` int(10) UNSIGNED NOT NULL,
  `product_id` int(10) UNSIGNED NOT NULL,
  `customer` varchar(255) COLLATE utf8mb4_unicode_ci NOT NULL,
  `review` text COLLATE utf8mb4_unicode_ci NOT NULL,
  `star` int(11) NOT NULL,
  `created_at` timestamp NULL DEFAULT NULL,
  `updated_at` timestamp NULL DEFAULT NULL
) ENGINE=InnoDB DEFAULT CHARSET=utf8mb4 COLLATE=utf8mb4_unicode_ci;

--
-- Đang đổ dữ liệu cho bảng `reviews`
--

INSERT INTO `reviews` (`id`, `product_id`, `customer`, `review`, `star`, `created_at`, `updated_at`) VALUES
(1, 1, 'Mortimer Dicki', 'Id doloremque ad facere aut fuga aut et. Atque incidunt est sunt ab magnam ipsa. Alias aspernatur facilis vel autem animi ducimus beatae.', 4, '2020-05-10 19:55:42', '2020-05-10 19:55:42'),
(2, 1, 'Davon Wolff', 'Quia iure fugit ut aut est. Sit ad doloremque et eius. Ullam soluta velit officiis facere ea quos sit illo. Est sit voluptatem tempore qui dolor.', 2, '2020-05-10 19:55:42', '2020-05-10 19:55:42'),
(3, 34, 'Geovanni Olson', 'Nulla qui doloribus laboriosam qui velit voluptatem. Tenetur dicta dolore ut omnis. Commodi expedita ratione veritatis harum. Omnis perspiciatis velit alias eos voluptas quos.', 1, '2020-05-10 19:55:42', '2020-05-10 19:55:42'),
(4, 50, 'Mr. Al Leuschke', 'Eum sed iste quisquam qui placeat sint. Quisquam nostrum laborum sint eum.', 1, '2020-05-10 19:55:42', '2020-05-10 19:55:42'),
(5, 23, 'Hailey Russel', 'Et minima quis repellendus quis. Molestias fugiat officia delectus et quisquam et quo. Sit fugit modi vel veniam.', 4, '2020-05-10 19:55:42', '2020-05-10 19:55:42'),
(6, 3, 'Miss Cathrine Jacobs', 'Ut perspiciatis magnam culpa repellat dolores exercitationem nisi rerum. Optio et consectetur ut aperiam incidunt adipisci et. Et quia delectus sed consequatur deserunt. Atque eveniet vero et omnis est deserunt.', 1, '2020-05-10 19:55:42', '2020-05-10 19:55:42'),
(7, 49, 'Devin Hayes V', 'Temporibus laborum dolore eveniet illo. Vero adipisci vel ipsam sunt nostrum. Nihil nobis accusantium aut aut. Laboriosam aspernatur consequuntur dolorem est ut.', 3, '2020-05-10 19:55:42', '2020-05-10 19:55:42'),
(8, 38, 'Prof. Louvenia Keeling PhD', 'Ea beatae veniam reprehenderit tempora quo. Et nostrum nisi ab quia. Id voluptatem aliquid ab minima. Numquam fugiat vitae consequatur cupiditate consequatur.', 4, '2020-05-10 19:55:42', '2020-05-10 19:55:42'),
(9, 29, 'Demetris Weissnat', 'Nihil sit sint harum nihil temporibus est hic. Ut est sed tenetur nihil libero at dolorem. Quia vel dolorum aliquid fuga sit. Pariatur dolor perferendis voluptatem. Accusantium animi ab magni cum aut sed atque.', 0, '2020-05-10 19:55:42', '2020-05-10 19:55:42'),
(10, 5, 'Deion Pagac', 'Magnam totam dignissimos eum delectus voluptas ea. Corporis alias ut et. Sit odit aliquid explicabo nemo. Consequuntur esse laborum sequi autem.', 1, '2020-05-10 19:55:42', '2020-05-10 19:55:42'),
(11, 31, 'Asha Balistreri', 'Voluptas temporibus fugiat voluptatum deserunt dicta optio molestiae. Sit esse quis et et qui iste explicabo molestiae. In quas suscipit ex in reprehenderit maiores doloribus.', 0, '2020-05-10 19:55:42', '2020-05-10 19:55:42'),
(12, 29, 'Garnet Schulist', 'Eum et autem beatae est nulla aut et sint. Ab molestiae aliquid sed ducimus maxime. Iste est quis dolorem quasi qui saepe qui. Et inventore inventore omnis et fugiat accusantium molestias voluptatem.', 0, '2020-05-10 19:55:42', '2020-05-10 19:55:42'),
(13, 47, 'Sigmund Ritchie', 'Provident sit cum cum officiis architecto nemo mollitia. Officiis iusto nam iste dolor et nihil. Aliquam dignissimos voluptate perspiciatis quod veniam quisquam voluptate.', 2, '2020-05-10 19:55:42', '2020-05-10 19:55:42'),
(14, 10, 'Madisyn Nolan', 'Est tempore iste maxime sapiente. Neque commodi tempora consequatur repellat eos tenetur consequatur. Similique laborum et soluta nihil aut.', 5, '2020-05-10 19:55:42', '2020-05-10 19:55:42'),
(15, 2, 'Foster Schuster', 'Dolorem non non quia ea quia optio corporis dolorem. Sequi accusamus illum sed ea laborum rerum. Ipsum deleniti quis delectus nostrum molestiae rerum sit. Sequi ea exercitationem optio.', 2, '2020-05-10 19:55:42', '2020-05-10 19:55:42'),
(16, 36, 'Winifred McDermott', 'Voluptates sunt et laborum ipsum voluptatum vel omnis. Occaecati repudiandae esse ducimus quaerat velit. Sed quam magnam cumque sint autem nihil eos.', 5, '2020-05-10 19:55:42', '2020-05-10 19:55:42'),
(17, 29, 'Greg Connelly', 'Consequatur ipsam assumenda qui laudantium. Facere nihil saepe consequatur quae est porro nihil. Ex non temporibus optio praesentium. Voluptatibus dolorem id accusantium accusamus quis ut consequatur.', 4, '2020-05-10 19:55:42', '2020-05-10 19:55:42'),
(18, 50, 'Helen Haag IV', 'Autem et molestiae reiciendis voluptatem quod repellendus asperiores nisi. Nisi blanditiis similique eos eligendi quisquam incidunt. Nobis deserunt expedita aspernatur veniam. Autem exercitationem est sint est necessitatibus.', 2, '2020-05-10 19:55:42', '2020-05-10 19:55:42'),
(19, 12, 'Gilbert Wolff V', 'Eaque quam cum incidunt ut impedit. Quod aut recusandae dolorem harum. Laborum ratione explicabo officia non tempora.', 5, '2020-05-10 19:55:42', '2020-05-10 19:55:42'),
(20, 8, 'Miss Claudia Schamberger MD', 'Asperiores consequuntur voluptatum accusantium voluptas modi repellat. Perferendis culpa cupiditate et tempore deleniti reprehenderit. Dolor error nisi aperiam ullam sapiente quam odio aspernatur.', 5, '2020-05-10 19:55:42', '2020-05-10 19:55:42'),
(21, 35, 'Mr. Mackenzie Mills II', 'Ut omnis facere in ab. Iure iure similique repellendus et maxime earum aut quaerat. Non adipisci et et sint at.', 3, '2020-05-10 19:55:42', '2020-05-10 19:55:42'),
(22, 22, 'Jairo Swift', 'Et atque nobis est sed cum deleniti dolorem. Qui quisquam qui id necessitatibus est vel dolore. Consectetur sed rem deleniti voluptate exercitationem autem corporis.', 4, '2020-05-10 19:55:42', '2020-05-10 19:55:42'),
(23, 27, 'Prof. Dante Turcotte', 'Odit et ut sunt rem. Eius ullam consequuntur rerum et suscipit vitae eligendi. Illum officia sapiente nobis repellendus et necessitatibus illum veritatis.', 3, '2020-05-10 19:55:42', '2020-05-10 19:55:42'),
(24, 9, 'Heber Bashirian', 'Sint non quam esse saepe eum sit reprehenderit. Qui provident assumenda enim ullam officia ad velit. In aspernatur adipisci nulla et eos dolor ut.', 5, '2020-05-10 19:55:42', '2020-05-10 19:55:42'),
(25, 38, 'Adolf Dibbert', 'Totam sed quia ut rerum reprehenderit ut dolorem. Delectus laboriosam quisquam aut. Quae possimus aliquid est officia repudiandae.', 1, '2020-05-10 19:55:42', '2020-05-10 19:55:42'),
(26, 15, 'Miss Kali Bashirian', 'Sed sit autem vel debitis voluptatibus. Laudantium qui at sed est explicabo. Nam id repudiandae consequuntur blanditiis. Magnam omnis sunt ut dolores.', 2, '2020-05-10 19:55:42', '2020-05-10 19:55:42'),
(27, 50, 'Eulah Sanford II', 'Eveniet fugit sit dolores voluptate ipsa corrupti. Non voluptatem id totam. Animi culpa omnis ut doloribus dignissimos.', 2, '2020-05-10 19:55:42', '2020-05-10 19:55:42'),
(28, 6, 'Prof. Dawn Padberg', 'Sunt et optio omnis voluptatibus officia maiores eos. Molestias similique accusantium reiciendis reiciendis neque. Officia asperiores non ipsum magnam et impedit accusamus.', 1, '2020-05-10 19:55:42', '2020-05-10 19:55:42'),
(29, 43, 'Josiah Hand', 'Perspiciatis dolore dignissimos fugit libero. Temporibus porro aspernatur eius sint omnis et. Corrupti fuga quaerat facere quam. Numquam suscipit quam eum qui perspiciatis.', 4, '2020-05-10 19:55:42', '2020-05-10 19:55:42'),
(30, 7, 'Christelle Heathcote', 'Accusantium nisi eum earum corporis ullam eaque. Eligendi et ea consequuntur quibusdam esse quae. Ullam quod porro omnis inventore quia voluptatum cumque sapiente. Repellendus molestias velit est est.', 2, '2020-05-10 19:55:42', '2020-05-10 19:55:42'),
(31, 35, 'Casimer Nader', 'Aut voluptas ipsa sint similique et fugiat. Laudantium quam aspernatur at quia dolor facere blanditiis ipsa. Quis ut sapiente error sit consequuntur non et. Culpa cumque reiciendis suscipit praesentium molestias.', 3, '2020-05-10 19:55:42', '2020-05-10 19:55:42'),
(32, 16, 'Dr. Herta Kuhn V', 'Ullam ad iste delectus exercitationem. Officiis rerum voluptatem consequatur. Minima aut debitis aliquid asperiores est.', 4, '2020-05-10 19:55:42', '2020-05-10 19:55:42'),
(33, 27, 'Prof. Henry Reinger', 'Pariatur sit aut corrupti. Quidem aut dicta consectetur et tempora facilis at nostrum. Consequatur libero porro aut nihil voluptatem inventore. Ratione et et explicabo maxime laborum eum.', 4, '2020-05-10 19:55:42', '2020-05-10 19:55:42'),
(34, 37, 'Aaliyah Greenholt', 'Quia et ab voluptatem debitis. Laboriosam dolorem maiores est omnis. Dicta aspernatur libero pariatur perferendis sint optio non dolor.', 5, '2020-05-10 19:55:42', '2020-05-10 19:55:42'),
(35, 2, 'Ms. Althea Hettinger', 'Accusamus aliquam voluptas neque officia. Dicta unde harum voluptas natus et vero ut. Sunt aliquid accusamus recusandae tempora.', 5, '2020-05-10 19:55:42', '2020-05-10 19:55:42'),
(36, 40, 'Verdie Heathcote', 'Aut nemo quam qui fuga. Ullam ipsam sequi qui eveniet dolor. Vitae dolorem maxime odit consectetur esse praesentium tempore.', 1, '2020-05-10 19:55:42', '2020-05-10 19:55:42'),
(37, 38, 'Genesis Hane', 'Nisi ut consequatur illo exercitationem. Blanditiis cumque rem rerum eaque et minima delectus. Ut officiis alias sint provident sed voluptatem.', 5, '2020-05-10 19:55:42', '2020-05-10 19:55:42'),
(38, 10, 'Stella Lind', 'Quibusdam soluta corporis maxime quo. In sit facere porro nihil. Rerum minus quia et voluptate et molestias deserunt.', 1, '2020-05-10 19:55:42', '2020-05-10 19:55:42'),
(39, 22, 'Prof. Wilson Farrell PhD', 'Qui quam id et velit beatae atque. Voluptatem nemo et dolorum molestiae eum sint esse est. Velit perspiciatis sunt ut cupiditate odio et. Ea ullam eius quae velit asperiores.', 2, '2020-05-10 19:55:42', '2020-05-10 19:55:42'),
(40, 37, 'Dr. Winfield Rath DDS', 'Illum quia voluptatem autem quos voluptatibus illum id. Occaecati non veritatis cupiditate dolores. Quo dolores maiores ullam aut nostrum distinctio.', 2, '2020-05-10 19:55:42', '2020-05-10 19:55:42'),
(41, 7, 'Prof. Trystan Ruecker MD', 'Tenetur qui et minima perspiciatis. Omnis nesciunt ut sed nihil culpa. Quod dolorum labore vitae est expedita. Sint et temporibus repellendus repellat sint. Qui dolor repellendus et corporis necessitatibus error aut.', 1, '2020-05-10 19:55:42', '2020-05-10 19:55:42'),
(42, 43, 'Bell Schuster', 'Laudantium iure nobis sed nemo consequatur. Sint delectus consectetur excepturi ex quo. Cupiditate occaecati mollitia sunt ipsa sed. Dignissimos quia voluptatibus reiciendis non.', 5, '2020-05-10 19:55:42', '2020-05-10 19:55:42'),
(43, 11, 'Dawson Ortiz', 'Nemo error voluptatem quod quas ea. Dolor dolorem possimus facilis. Nemo nostrum perspiciatis ea omnis explicabo ea tempore.', 5, '2020-05-10 19:55:42', '2020-05-10 19:55:42'),
(44, 3, 'Efrain Treutel', 'Asperiores voluptas provident facilis est exercitationem quia. Et explicabo eaque qui.', 1, '2020-05-10 19:55:42', '2020-05-10 19:55:42'),
(45, 1, 'Dr. Mavis Green', 'Quo commodi voluptas et et eaque impedit. Officiis deleniti omnis id qui. Voluptatem unde sit beatae magnam.', 5, '2020-05-10 19:55:42', '2020-05-10 19:55:42'),
(46, 11, 'Ima Beahan I', 'Nihil quo quas dicta. Et accusamus sapiente commodi. Recusandae vero autem aut qui aspernatur repudiandae et.', 1, '2020-05-10 19:55:42', '2020-05-10 19:55:42'),
(47, 8, 'Arno Schinner', 'Ut eveniet quos sit sit. Suscipit optio ut deleniti tempore sint. Nihil in id quisquam accusamus excepturi. Veniam rerum ea omnis sint aut error quod.', 0, '2020-05-10 19:55:42', '2020-05-10 19:55:42'),
(48, 9, 'Rachael Will', 'Voluptas rerum vel eligendi consequatur aut fuga. Sapiente minus velit quia delectus et ducimus est tenetur. Amet sequi voluptas dolorem.', 0, '2020-05-10 19:55:42', '2020-05-10 19:55:42'),
(49, 3, 'Prof. Cristian Gusikowski DDS', 'Quidem possimus nisi ad in quae. Non veniam quod delectus ea. Aperiam numquam est et autem provident.', 1, '2020-05-10 19:55:42', '2020-05-10 19:55:42'),
(50, 18, 'Mariana Heathcote DDS', 'Placeat nesciunt qui perspiciatis quasi neque voluptas. Aliquam vel non quibusdam consectetur voluptate perspiciatis ut. Dicta quibusdam ullam rem pariatur. Voluptas magnam excepturi in beatae officia corporis nostrum ut.', 3, '2020-05-10 19:55:42', '2020-05-10 19:55:42'),
(51, 17, 'Mr. Adonis Windler PhD', 'Saepe non beatae quidem vero minima. Ad aut laboriosam veritatis quia qui error. Amet ut et similique qui nihil quia. Est expedita alias quae debitis ad assumenda enim. Dolorem eos doloribus dolorum.', 2, '2020-05-10 19:55:42', '2020-05-10 19:55:42'),
(52, 49, 'Franz Koch', 'Pariatur ut corporis pariatur. Eius accusantium blanditiis ut est eius. Laboriosam laudantium culpa adipisci dolor reprehenderit minima.', 2, '2020-05-10 19:55:42', '2020-05-10 19:55:42'),
(53, 4, 'Isidro Frami', 'Inventore voluptates minima minus natus harum commodi in. Ab voluptatibus sequi repellendus itaque consequatur. Est eos incidunt sint explicabo similique enim. Aliquid dolorem eum ex eum. Porro ratione minima corporis sit tempore.', 3, '2020-05-10 19:55:42', '2020-05-10 19:55:42'),
(54, 50, 'Prof. Reinhold Murazik', 'Qui ab quia facere eaque. Inventore sed amet sit. Eum ipsam accusantium voluptates alias rerum. Saepe qui consequatur molestiae praesentium. Et et adipisci qui commodi ut.', 5, '2020-05-10 19:55:42', '2020-05-10 19:55:42'),
(55, 45, 'Mrs. Eula Collier III', 'Libero ea qui distinctio distinctio. Quis laborum reiciendis cupiditate rem nostrum. Laboriosam qui est sequi non.', 4, '2020-05-10 19:55:42', '2020-05-10 19:55:42'),
(56, 2, 'Antonetta Satterfield', 'Quia eos id a. Quo at ut incidunt quos et sit. Odio facere eum quisquam amet. Est delectus eligendi error dolores.', 1, '2020-05-10 19:55:42', '2020-05-10 19:55:42'),
(57, 23, 'Prof. Kianna Sauer MD', 'Ut aut eligendi labore at. In omnis pariatur ratione voluptatibus quo qui cupiditate et. Modi esse quia quidem eveniet in quidem voluptas maxime. Nulla quisquam voluptate aliquid.', 0, '2020-05-10 19:55:42', '2020-05-10 19:55:42'),
(58, 6, 'Lambert Kuhn', 'Et iusto cumque quasi qui. Qui voluptas id ullam.', 5, '2020-05-10 19:55:42', '2020-05-10 19:55:42'),
(59, 45, 'Lee Waelchi DDS', 'Ea accusantium dicta tenetur neque. Eveniet aliquid rerum dolores eaque quia ea incidunt. Eligendi sint ut ut voluptatem et.', 2, '2020-05-10 19:55:42', '2020-05-10 19:55:42'),
(60, 32, 'Ruben Rau', 'Dolores illo et optio ut necessitatibus. Praesentium non molestiae vero unde incidunt. Suscipit eos et ut perspiciatis rerum nam. Recusandae numquam possimus quaerat quisquam quam quo. Sed et eius et voluptates aut labore.', 5, '2020-05-10 19:55:42', '2020-05-10 19:55:42'),
(61, 30, 'Mckenzie Jenkins', 'Sit et ipsam velit. Et id officia ipsum soluta recusandae non. Ducimus occaecati nihil saepe nihil et consequatur. Esse et magnam inventore ratione.', 4, '2020-05-10 19:55:42', '2020-05-10 19:55:42'),
(62, 6, 'Giovanni Fisher', 'Odio voluptates ipsam porro cumque quia non et. In aut necessitatibus aliquid voluptatem vel commodi. Aut sed repellat alias eius similique reiciendis corrupti ipsam. Cumque animi in magni facilis doloribus ut.', 5, '2020-05-10 19:55:42', '2020-05-10 19:55:42'),
(63, 39, 'Tracy Osinski I', 'Repudiandae aut distinctio quia molestiae. Accusamus et quas facere sed. Aut dolore voluptas quas velit sunt.', 0, '2020-05-10 19:55:42', '2020-05-10 19:55:42'),
(64, 7, 'Miss Alysa Schneider II', 'Voluptatibus numquam facilis minima eos vero vitae. Maiores officiis magnam velit blanditiis. Inventore ut iure omnis veritatis. Repellendus corrupti eius saepe velit.', 4, '2020-05-10 19:55:42', '2020-05-10 19:55:42'),
(65, 46, 'Mrs. Nyah Mueller', 'Exercitationem et quibusdam nam et. Rerum voluptates nemo sint.', 2, '2020-05-10 19:55:42', '2020-05-10 19:55:42'),
(66, 6, 'Kailey Oberbrunner', 'Voluptas culpa praesentium et quisquam a rerum. Est numquam magni cumque exercitationem. Nisi et laboriosam assumenda qui nihil consectetur. Dolorem asperiores ratione quis ea non velit eveniet non.', 2, '2020-05-10 19:55:42', '2020-05-10 19:55:42'),
(67, 35, 'Gretchen Fay', 'Quam exercitationem placeat ut amet omnis. Atque possimus eius veniam. Minus nihil ipsam sint officia non.', 1, '2020-05-10 19:55:42', '2020-05-10 19:55:42'),
(68, 15, 'Miss Della Bauch', 'Rerum voluptatibus qui praesentium ut aspernatur. Numquam quia quos velit molestias. Nostrum placeat assumenda voluptas est expedita voluptas reiciendis qui.', 1, '2020-05-10 19:55:42', '2020-05-10 19:55:42'),
(69, 20, 'Mrs. Elva Ruecker', 'Mollitia libero cum rerum consequatur quo sed quibusdam. Ea pariatur eveniet placeat repellendus reprehenderit repudiandae qui. Voluptatem voluptas rerum quos voluptatem modi.', 3, '2020-05-10 19:55:42', '2020-05-10 19:55:42'),
(70, 17, 'Kolby Doyle V', 'Doloribus possimus nemo quia sit a quis placeat. Totam sunt earum et molestias quia iure quia. Sed aut ducimus illo quas repellat earum eos dolor. Incidunt adipisci officia et voluptatum. Aut ab consequatur eum iure aliquam error.', 0, '2020-05-10 19:55:42', '2020-05-10 19:55:42'),
(71, 38, 'Aida Moen', 'Quis sed quas dolorem illo quo deleniti et quidem. Modi veniam impedit aliquam similique voluptas soluta in. Pariatur repellendus quos voluptatem voluptas et.', 3, '2020-05-10 19:55:42', '2020-05-10 19:55:42'),
(72, 45, 'Rodolfo Jenkins', 'Animi nobis autem sapiente. Veniam iusto voluptas laborum eligendi. Aliquid sequi fuga necessitatibus. Voluptatibus fugit aperiam quidem qui quaerat aut.', 5, '2020-05-10 19:55:42', '2020-05-10 19:55:42'),
(73, 2, 'Prof. Halie Rau', 'Aliquam velit saepe repudiandae harum. Quibusdam commodi consectetur error sed officia et. Est est praesentium id et culpa sit qui. Id voluptatem dolorem illo nulla.', 3, '2020-05-10 19:55:42', '2020-05-10 19:55:42'),
(74, 21, 'Jovan Schaefer', 'Rerum iure autem assumenda non occaecati doloribus. Similique quaerat velit tenetur et amet. Nihil velit esse dolor placeat aliquid. Et quasi alias eum quod dolorem nemo iure. Debitis reprehenderit sed nihil voluptate rerum enim est.', 5, '2020-05-10 19:55:42', '2020-05-10 19:55:42'),
(75, 6, 'Tristian Schoen', 'Eveniet dolor consequatur autem consequatur iusto placeat incidunt. Aspernatur sint quos nostrum. Quaerat est quia velit.', 2, '2020-05-10 19:55:42', '2020-05-10 19:55:42'),
(76, 30, 'Francesca Hayes II', 'Quia est expedita delectus. Harum in consequatur aut amet et. Doloribus voluptas aut provident dignissimos fugiat harum tempore. Quas maiores alias exercitationem optio aut sapiente perspiciatis. Nesciunt distinctio voluptas et rerum dolorem eligendi architecto.', 2, '2020-05-10 19:55:42', '2020-05-10 19:55:42'),
(77, 33, 'Queen Cummings', 'Quod eaque explicabo amet. Qui illo voluptatem vel provident corrupti omnis. Consequatur enim molestias natus provident repellendus eius. Quia autem vitae maxime.', 5, '2020-05-10 19:55:42', '2020-05-10 19:55:42'),
(78, 39, 'Ima Mraz', 'Non quis qui provident nemo ratione quia vel iure. Debitis nostrum sed quo laborum. Nihil voluptatibus dicta molestias laboriosam ipsum explicabo quae.', 1, '2020-05-10 19:55:42', '2020-05-10 19:55:42'),
(79, 44, 'Dr. Henriette Wintheiser', 'Quod saepe ipsa necessitatibus officia molestiae deleniti. Reiciendis itaque temporibus est voluptates. A facilis repudiandae iusto cum nemo. Id quia sint eum qui corporis fuga mollitia adipisci.', 4, '2020-05-10 19:55:42', '2020-05-10 19:55:42'),
(80, 25, 'Arnaldo Goyette', 'Eum laboriosam quibusdam distinctio. Nihil tempore et iusto libero aut sint alias in. Quas nobis et quis qui magnam nesciunt enim.', 3, '2020-05-10 19:55:42', '2020-05-10 19:55:42'),
(81, 4, 'Lisette Carter', 'Eum beatae quod ut quia possimus. Incidunt odit est doloribus et perspiciatis est. Laudantium delectus quisquam debitis reiciendis architecto. Neque aut eligendi in sapiente omnis.', 0, '2020-05-10 19:55:42', '2020-05-10 19:55:42'),
(82, 2, 'Tobin Luettgen', 'Est quia esse rem. Dolor modi ut fuga in quam enim.', 4, '2020-05-10 19:55:42', '2020-05-10 19:55:42'),
(83, 50, 'Dr. Joany Wiza', 'Quibusdam voluptatem in rerum consequatur qui occaecati. Quaerat quae quo vitae fugit excepturi. Possimus animi laudantium blanditiis quidem corporis ullam. Impedit qui recusandae et possimus esse illum.', 3, '2020-05-10 19:55:42', '2020-05-10 19:55:42'),
(84, 28, 'Prof. Pauline Roob MD', 'Dolor molestiae laboriosam quasi aut optio nihil. Eum eos officiis doloremque.', 4, '2020-05-10 19:55:42', '2020-05-10 19:55:42'),
(85, 33, 'Dr. Art Pouros', 'Suscipit deleniti qui nam voluptatem aperiam nobis ut. Nihil ad dolorum nostrum recusandae quia. Tempora placeat qui pariatur. Nam quis perferendis ut eum et et.', 3, '2020-05-10 19:55:42', '2020-05-10 19:55:42'),
(86, 20, 'Nathanael Mills', 'Saepe et velit quo et. Sapiente quis in nihil repellat excepturi nobis doloremque.', 5, '2020-05-10 19:55:42', '2020-05-10 19:55:42'),
(87, 13, 'Freddy Littel V', 'Quo rerum et accusamus in vel minima. Est omnis dolor distinctio aspernatur optio qui. Quia fugiat non necessitatibus qui molestias. Alias explicabo aut dolorem ut eligendi.', 2, '2020-05-10 19:55:42', '2020-05-10 19:55:42'),
(88, 12, 'Verdie Wolf', 'Et assumenda et consectetur necessitatibus. Ullam quia eos non. Esse quaerat molestias molestiae laudantium suscipit fugiat. Occaecati assumenda natus quia ipsa vitae magnam excepturi. Beatae et qui qui natus quae.', 5, '2020-05-10 19:55:42', '2020-05-10 19:55:42'),
(89, 39, 'Mr. Kennedy Connelly V', 'Aut quam quaerat iure dolores cum nulla nihil. Eius ad sed id aperiam eius id. Incidunt eveniet impedit vitae quia sequi. Eum esse tenetur quam ut ex ipsam provident corrupti.', 3, '2020-05-10 19:55:42', '2020-05-10 19:55:42'),
(90, 2, 'Vallie Trantow', 'Voluptas maiores similique illo optio. Ipsam libero aliquam odio delectus. Velit sed itaque et fuga. Officiis vel totam ipsum non numquam.', 5, '2020-05-10 19:55:42', '2020-05-10 19:55:42'),
(91, 7, 'Harmon Beier', 'Recusandae exercitationem tempora soluta quis voluptates in qui. Rerum accusamus minus vel voluptates minus iste ipsa. Soluta rerum exercitationem eaque voluptas velit. Error esse laboriosam in cum quo maiores quaerat.', 0, '2020-05-10 19:55:42', '2020-05-10 19:55:42'),
(92, 13, 'Marlene Hilpert', 'Reiciendis nisi modi est molestiae consequatur officiis nobis. Esse praesentium cumque hic saepe et aperiam est. Ut inventore odio placeat repudiandae rerum.', 3, '2020-05-10 19:55:42', '2020-05-10 19:55:42'),
(93, 5, 'Estefania Howell', 'Dolores saepe id et similique. Et aperiam debitis nulla fugit laudantium similique libero quia. Quo iste sequi possimus. Rerum numquam culpa eum dolorem esse a dolor.', 5, '2020-05-10 19:55:42', '2020-05-10 19:55:42'),
(94, 16, 'Cora O\'Hara', 'Veniam dolor aut reprehenderit cumque laborum illum harum reprehenderit. Et dolor explicabo quo commodi voluptates aut ducimus. Est ipsam sequi in non et.', 1, '2020-05-10 19:55:42', '2020-05-10 19:55:42'),
(95, 13, 'Sibyl McKenzie', 'Laudantium libero eligendi asperiores similique dolorem velit. Non qui eligendi blanditiis sequi.', 0, '2020-05-10 19:55:42', '2020-05-10 19:55:42'),
(96, 31, 'Prof. Mertie Dickinson V', 'Esse aut odit ad illo. Harum natus eum sunt voluptatum accusamus quos soluta. Possimus similique sunt at est.', 4, '2020-05-10 19:55:42', '2020-05-10 19:55:42'),
(97, 26, 'Libbie Raynor', 'Cumque soluta ipsa maxime blanditiis et similique. Rerum necessitatibus iusto quam numquam. Sed eos officia est recusandae quo. Deserunt veritatis aut modi fugit commodi.', 3, '2020-05-10 19:55:42', '2020-05-10 19:55:42'),
(98, 22, 'Mr. Clifton Harris', 'Quam molestiae harum ullam doloremque ut. Alias eum et omnis numquam ratione porro. Architecto nesciunt sit reprehenderit delectus totam aut. Quas praesentium illo hic qui voluptatem maxime.', 2, '2020-05-10 19:55:42', '2020-05-10 19:55:42'),
(99, 39, 'Prof. Elian Brown Jr.', 'Tempore qui minima perspiciatis quia natus. Voluptatibus natus exercitationem ex et est voluptatum blanditiis nihil. Nesciunt numquam autem ullam labore animi veritatis.', 3, '2020-05-10 19:55:42', '2020-05-10 19:55:42'),
(100, 27, 'Ms. Kelly Rowe Jr.', 'Aut quo esse dolorem sint. Labore voluptatum est ex aliquid. Non iusto et asperiores ut. Dolor nostrum dolores ea.', 0, '2020-05-10 19:55:42', '2020-05-10 19:55:42'),
(101, 21, 'Leonor Quitzon', 'Itaque voluptates beatae ab et vel. Voluptates dignissimos quae sint suscipit at mollitia laudantium. Et quos beatae delectus maiores est.', 2, '2020-05-10 19:55:42', '2020-05-10 19:55:42'),
(102, 21, 'Harley Bogan', 'Debitis aperiam numquam non. In cumque voluptatem dolor et libero quibusdam magni. Consequatur qui sint architecto pariatur aspernatur voluptatum. Est ullam quia ipsum voluptatem.', 4, '2020-05-10 19:55:42', '2020-05-10 19:55:42'),
(103, 40, 'Horace Goldner', 'Voluptas adipisci expedita odio vel alias. Qui consequatur mollitia ab rerum aspernatur ut blanditiis. Sint temporibus voluptatem eveniet ut nihil. Cum ad quia ea minima omnis voluptatibus.', 5, '2020-05-10 19:55:42', '2020-05-10 19:55:42'),
(104, 40, 'Otha Bauch', 'Repellendus sapiente quidem debitis sint. Sapiente eius dolor in quibusdam.', 3, '2020-05-10 19:55:42', '2020-05-10 19:55:42'),
(105, 33, 'Victoria Walter', 'Odit id blanditiis quibusdam sequi blanditiis. Fugiat eum nobis ipsa necessitatibus. Ut nulla voluptatem dicta earum qui ad quam et. Nisi aliquam vel odio et.', 1, '2020-05-10 19:55:42', '2020-05-10 19:55:42'),
(106, 12, 'Kariane Cremin', 'Atque hic reprehenderit est dolorem doloremque cupiditate. Quia aspernatur debitis velit et enim. Fugiat rerum doloremque sit a eveniet eum id. Dolorem quasi sit omnis beatae.', 0, '2020-05-10 19:55:42', '2020-05-10 19:55:42'),
(107, 39, 'Marcel Halvorson', 'Voluptatem occaecati rerum ratione aut at fugit. Quia porro eligendi officiis ullam quis. Ut nostrum velit eaque et harum facere sed. Possimus nemo unde suscipit dolores magnam.', 0, '2020-05-10 19:55:42', '2020-05-10 19:55:42'),
(108, 25, 'Prof. Violette Bins V', 'Facilis inventore hic alias laborum qui aut maxime. Nisi quia fugiat dolor eligendi ipsa. Occaecati sit beatae debitis magni officia maiores repudiandae.', 5, '2020-05-10 19:55:42', '2020-05-10 19:55:42'),
(109, 35, 'Gianni Lockman', 'Nesciunt perspiciatis debitis voluptas quo praesentium magnam. Amet nesciunt dolor quia ut aut qui. Nihil dolores est quidem animi nihil vitae unde. Necessitatibus dolore qui laboriosam atque aliquam.', 3, '2020-05-10 19:55:42', '2020-05-10 19:55:42'),
(110, 20, 'Abner Ledner', 'Ea dolore earum quidem at veritatis praesentium quam. Omnis qui possimus praesentium cumque quo. Saepe accusamus vitae fugit nisi labore esse excepturi.', 2, '2020-05-10 19:55:42', '2020-05-10 19:55:42'),
(111, 29, 'Arthur Gottlieb III', 'Quia mollitia inventore et velit incidunt quos. Facilis pariatur doloremque nisi officiis facere eius maiores. At odit eum corporis esse accusantium sunt sit.', 1, '2020-05-10 19:55:42', '2020-05-10 19:55:42'),
(112, 42, 'Robyn Dickens', 'Autem ratione dolorem est. Consequatur quaerat a fuga dolorum consequatur. Velit voluptas aspernatur est maxime quo odit quis.', 5, '2020-05-10 19:55:42', '2020-05-10 19:55:42'),
(113, 49, 'Mrs. Missouri Lockman Sr.', 'Laudantium quos ex expedita eius eligendi. Aut sint esse laboriosam dolorem. Facere aperiam dolorem earum et adipisci aut et.', 3, '2020-05-10 19:55:42', '2020-05-10 19:55:42'),
(114, 7, 'Molly Stroman Jr.', 'Consequatur deserunt iure earum at dolore ab omnis enim. Dignissimos dolorum nobis illo distinctio. Iure cumque dolor molestiae et aut.', 2, '2020-05-10 19:55:42', '2020-05-10 19:55:42'),
(115, 8, 'Andre Blanda', 'Explicabo et ullam culpa et minima reprehenderit delectus. Amet quia repellat asperiores sed. Et et sapiente est. Perspiciatis vero ea doloribus beatae corporis.', 1, '2020-05-10 19:55:42', '2020-05-10 19:55:42'),
(116, 20, 'Kallie Kilback', 'Alias porro qui quod voluptatum. Dolor et in eum suscipit aut. Labore tempora ipsam sequi. Expedita ut voluptate aut vel.', 1, '2020-05-10 19:55:42', '2020-05-10 19:55:42'),
(117, 8, 'Lewis Kessler', 'Voluptate iure minima est eius. Veniam quia neque sapiente molestiae quis. Voluptates sit autem voluptatibus ipsa quia facilis quibusdam qui.', 1, '2020-05-10 19:55:42', '2020-05-10 19:55:42'),
(118, 50, 'Nannie Johnson', 'Qui quasi aut quae corporis. Aut dolorum a vero quia.', 2, '2020-05-10 19:55:42', '2020-05-10 19:55:42'),
(119, 5, 'Shea Ruecker MD', 'Est possimus quos et ullam quisquam perferendis excepturi. Quia suscipit voluptatum soluta est natus. Consequatur impedit non amet harum optio sint eos.', 2, '2020-05-10 19:55:42', '2020-05-10 19:55:42'),
(120, 13, 'Ulises Dach', 'Qui cumque quo sint sint. Dolore molestiae illum dolore ipsam quia. Quas rerum est quam ut dolore.', 2, '2020-05-10 19:55:42', '2020-05-10 19:55:42'),
(121, 12, 'Conor Ledner', 'Qui eos odio et exercitationem tempore. Omnis reiciendis ullam quae debitis commodi ut dolores. Delectus libero dolore nostrum aut quibusdam a. Placeat similique nobis quo sequi commodi.', 0, '2020-05-10 19:55:42', '2020-05-10 19:55:42'),
(122, 21, 'Libby Ritchie', 'Fugit rerum repellendus mollitia totam. In autem aspernatur et quisquam asperiores aliquid magni labore. Quidem rerum quaerat pariatur qui harum tempore beatae. Quis impedit nostrum animi odit est.', 4, '2020-05-10 19:55:42', '2020-05-10 19:55:42'),
(123, 22, 'Blanche Murray', 'Dolor nesciunt voluptas sint laborum voluptatum. Atque dolorem id voluptatum ipsum. Delectus voluptas fuga et consectetur. Aut aut nemo esse accusamus.', 5, '2020-05-10 19:55:42', '2020-05-10 19:55:42'),
(124, 7, 'Mac Douglas', 'Quos quibusdam recusandae dignissimos illum quidem aut. Enim et reprehenderit dolorum molestiae et dolores iure. Error sunt qui et delectus tempora id molestiae sequi. Dolore cum quaerat ullam architecto enim quidem.', 1, '2020-05-10 19:55:42', '2020-05-10 19:55:42'),
(125, 38, 'Ms. Adela Ziemann V', 'Ipsa sit repudiandae non corporis ea velit occaecati. Voluptates dolore voluptates sit qui doloremque maiores.', 5, '2020-05-10 19:55:42', '2020-05-10 19:55:42'),
(126, 15, 'Samson Boehm', 'Dolorem et maxime et eveniet veritatis dolorem numquam. Fugit fugiat praesentium beatae ad. Qui excepturi quis perspiciatis ab voluptas sit omnis. Et eos repudiandae quia dignissimos.', 1, '2020-05-10 19:55:42', '2020-05-10 19:55:42'),
(127, 36, 'Melvina Corwin', 'Illo fuga et autem et. Eius ab nobis quidem odio mollitia ut eaque. Nulla vero adipisci quos asperiores ut impedit recusandae porro.', 2, '2020-05-10 19:55:42', '2020-05-10 19:55:42'),
(128, 12, 'Mr. Timothy Wisozk V', 'Nulla repudiandae consectetur autem illo delectus id occaecati. Aliquam praesentium nisi repellat et. Quaerat sequi qui unde consequatur. Consequatur id optio fugit soluta quis et. Voluptas molestias sed aliquam repellat nihil animi soluta.', 0, '2020-05-10 19:55:42', '2020-05-10 19:55:42'),
(129, 11, 'Mr. Fletcher Kunde', 'Soluta sed aliquam in et expedita velit omnis. Officia rerum voluptatibus sequi. Ipsum autem omnis voluptas laudantium aut aperiam et.', 5, '2020-05-10 19:55:42', '2020-05-10 19:55:42'),
(130, 24, 'Mr. Zachery Padberg DDS', 'Pariatur similique in ab id cupiditate deserunt. Unde qui omnis sint voluptates nobis tempora amet aut.', 3, '2020-05-10 19:55:42', '2020-05-10 19:55:42'),
(131, 46, 'Dayana Paucek', 'In recusandae quis nihil est. Qui qui rem et dolorum ea molestiae incidunt. Quos sint impedit quae quam in qui autem.', 3, '2020-05-10 19:55:42', '2020-05-10 19:55:42'),
(132, 45, 'Dr. Garland Brakus MD', 'Non excepturi deleniti possimus tenetur aliquam excepturi sint. Sit non reiciendis nihil ea vel qui nam. Aut vitae voluptas voluptatum ipsum suscipit et neque.', 4, '2020-05-10 19:55:42', '2020-05-10 19:55:42'),
(133, 34, 'Prof. Enola Cronin MD', 'Accusamus aspernatur dolor distinctio aut error. In aperiam eius eum laboriosam numquam. Dolorum reiciendis enim voluptas assumenda aut id eum. Aut odit aut nobis sit veritatis dolorum.', 4, '2020-05-10 19:55:42', '2020-05-10 19:55:42'),
(134, 26, 'Waylon Gutmann MD', 'Et blanditiis laudantium sunt nostrum. Nesciunt commodi quidem fugiat distinctio. Quibusdam nesciunt explicabo voluptatum ut eligendi.', 3, '2020-05-10 19:55:42', '2020-05-10 19:55:42'),
(135, 34, 'Rhianna O\'Connell', 'Voluptas est eaque aliquid impedit. Possimus eaque omnis rem excepturi et pariatur laudantium maiores. Eveniet odio rerum enim.', 3, '2020-05-10 19:55:42', '2020-05-10 19:55:42'),
(136, 48, 'Alyson Senger', 'Asperiores magni adipisci saepe eum qui pariatur. Amet nam itaque voluptas provident quia molestiae. Voluptas voluptatum omnis autem consequatur excepturi. In ullam temporibus commodi provident quis possimus.', 1, '2020-05-10 19:55:42', '2020-05-10 19:55:42'),
(137, 22, 'Prof. Alfred Heidenreich', 'Id dolorum nam sequi et ut ut et beatae. Et enim qui nobis harum temporibus. Tenetur aut ea quod rem.', 4, '2020-05-10 19:55:42', '2020-05-10 19:55:42'),
(138, 34, 'Dorcas Heidenreich', 'Molestias consequatur mollitia ex quaerat dolore deserunt natus. Quisquam minus dolores non sit quibusdam. Consequatur tempore iure et doloremque molestiae. Eius et nisi aut autem.', 3, '2020-05-10 19:55:42', '2020-05-10 19:55:42'),
(139, 48, 'Crystel Nader', 'Aliquid voluptas cumque fugit quia odit. Eius accusamus in ut minima. Sequi est et nihil iusto expedita praesentium.', 3, '2020-05-10 19:55:42', '2020-05-10 19:55:42'),
(140, 47, 'Miss Dawn Towne', 'Quasi velit aut ab rerum. Culpa aut voluptas nisi maiores labore.', 1, '2020-05-10 19:55:42', '2020-05-10 19:55:42'),
(141, 20, 'Doyle Watsica', 'Eaque labore odio et et. Voluptatem perspiciatis quia a praesentium consequuntur alias voluptas. Omnis explicabo natus sit.', 2, '2020-05-10 19:55:42', '2020-05-10 19:55:42'),
(142, 40, 'Mr. Kip Morissette MD', 'Ut qui quia sunt doloribus voluptates. Facilis illo voluptatem earum iste ut ut. Neque ipsam aut reprehenderit. Incidunt ea quibusdam quod rerum sit consequatur quos eius.', 4, '2020-05-10 19:55:42', '2020-05-10 19:55:42'),
(143, 29, 'Deborah Rogahn', 'Tempora unde voluptatum exercitationem vel quia natus nesciunt. Voluptatibus tempora facere quidem iure. Commodi nemo error qui dolor voluptatem autem laudantium. Consequatur sed repudiandae nam.', 2, '2020-05-10 19:55:42', '2020-05-10 19:55:42'),
(144, 39, 'Prof. Janae Heidenreich IV', 'Qui pariatur voluptatem quam odio cum rerum dolorem consequatur. Hic delectus earum mollitia nihil molestiae suscipit. Modi rem ut voluptatibus blanditiis saepe architecto. Ipsam sunt ex laudantium architecto quam quia corrupti. Velit quia provident vel corrupti.', 5, '2020-05-10 19:55:42', '2020-05-10 19:55:42'),
(145, 32, 'Shawna Pacocha', 'Sunt ratione qui natus deserunt unde. Vel aliquam non dicta. Aperiam quo molestias distinctio molestiae. Quisquam natus earum autem in alias ex.', 4, '2020-05-10 19:55:42', '2020-05-10 19:55:42'),
(146, 35, 'Dr. Jerry Shanahan', 'Reprehenderit et quis a est perferendis nisi corrupti. Enim quia fugiat pariatur quibusdam aut. Iste eum possimus ipsa necessitatibus cupiditate.', 4, '2020-05-10 19:55:42', '2020-05-10 19:55:42'),
(147, 22, 'Prof. Maximus Beahan', 'Alias explicabo quisquam a id. At voluptates animi maxime ut. Non expedita doloribus temporibus odit qui culpa est. Delectus officiis odit laboriosam a facere dolor praesentium. Mollitia iure doloremque amet impedit.', 0, '2020-05-10 19:55:42', '2020-05-10 19:55:42'),
(148, 25, 'Mekhi Kunde I', 'Praesentium neque voluptatum quia delectus eum sit commodi ad. Aliquid fugit aliquid perspiciatis et reprehenderit. Dignissimos id consequatur voluptas enim ut. Sequi est sed aut molestias ex magni et.', 4, '2020-05-10 19:55:42', '2020-05-10 19:55:42'),
(149, 3, 'Mr. Jadon Nicolas MD', 'Placeat doloremque vel nihil porro et aperiam est. Quisquam sed non qui qui aspernatur sed. Vel distinctio sit omnis. Nihil laudantium ut cumque corrupti quia neque et.', 5, '2020-05-10 19:55:42', '2020-05-10 19:55:42'),
(150, 13, 'Lewis Orn', 'Nihil quo quaerat autem. Enim cupiditate aut enim delectus autem nihil. Aut nemo assumenda labore omnis et consequatur dolor. Asperiores autem laborum optio natus ut.', 1, '2020-05-10 19:55:42', '2020-05-10 19:55:42'),
(151, 47, 'Marvin Rolfson', 'Omnis iure tempora saepe a repellat placeat illum. Ex voluptatem laboriosam qui ducimus est. Labore ea accusamus voluptatibus quibusdam nulla. Corporis dolor neque officiis enim quae.', 2, '2020-05-10 19:55:42', '2020-05-10 19:55:42'),
(152, 10, 'Darron Will', 'Neque quaerat sit esse. Non delectus reprehenderit in voluptas quia est. Hic iure non vero. Fugit qui fugit nihil molestiae quis id aspernatur distinctio.', 5, '2020-05-10 19:55:42', '2020-05-10 19:55:42'),
(153, 26, 'Dangelo Barrows', 'Alias aut esse neque neque est et veritatis. Eum numquam tempore quia repudiandae dignissimos non. Enim omnis praesentium et iure. Dolor harum ut vero autem nobis corrupti.', 3, '2020-05-10 19:55:42', '2020-05-10 19:55:42'),
(154, 8, 'Ms. Ethelyn Hegmann', 'Veritatis harum beatae velit modi ea vel et. Aut eius similique voluptas accusantium. Non sit est nam qui. Ut aspernatur consequatur non aliquam magnam.', 2, '2020-05-10 19:55:42', '2020-05-10 19:55:42'),
(155, 40, 'Dr. Magdalen Labadie DDS', 'Officia sed dolor quis vel voluptatem aut voluptates. Sint ratione eos aut dolores. Nihil assumenda neque odio quis. Quos modi qui ratione quos qui dolorem est reiciendis.', 5, '2020-05-10 19:55:42', '2020-05-10 19:55:42'),
(156, 4, 'Karlee Schamberger', 'Incidunt assumenda quo aut. Earum animi autem blanditiis qui ut qui.', 4, '2020-05-10 19:55:42', '2020-05-10 19:55:42'),
(157, 28, 'Amie Gutmann', 'Nulla aliquam aut quia beatae. Natus explicabo sit ullam officia nihil recusandae. Voluptatem quasi odio rerum non eos. Et odit autem quam ipsa est.', 1, '2020-05-10 19:55:42', '2020-05-10 19:55:42'),
(158, 23, 'Daphne Wolff', 'Ut voluptatem fugiat reiciendis nihil. Quibusdam maxime eveniet quod optio velit ut ut. Amet quis nesciunt consequuntur.', 2, '2020-05-10 19:55:42', '2020-05-10 19:55:42'),
(159, 2, 'Prof. Mabelle Kuhic DVM', 'Ipsum et mollitia est accusamus. Sed rem sit autem eligendi. Qui iure dolores sit eaque minima nemo voluptatibus quae. Omnis earum quia deserunt consequuntur rerum omnis at.', 0, '2020-05-10 19:55:42', '2020-05-10 19:55:42'),
(160, 24, 'Tony Kemmer Jr.', 'Corporis incidunt quis facilis labore illo tempora. At qui ut aliquid ducimus. Doloribus similique deleniti reprehenderit vel culpa.', 4, '2020-05-10 19:55:42', '2020-05-10 19:55:42'),
(161, 13, 'Selmer Borer III', 'Molestiae et inventore sit et quos. Dignissimos voluptates qui dicta facere.', 2, '2020-05-10 19:55:42', '2020-05-10 19:55:42'),
(162, 8, 'Ms. Sandra Hartmann IV', 'Ullam accusantium dolor vel. Reiciendis quia aut veniam consectetur.', 4, '2020-05-10 19:55:42', '2020-05-10 19:55:42'),
(163, 46, 'Stephon Keeling', 'Tempora est voluptates ipsa dolores est. Est nobis sit sequi maxime velit totam. Quasi est amet nisi quidem quia animi nam. Accusamus dolorem aut aspernatur rerum temporibus cupiditate. Soluta nam tempora qui et distinctio.', 4, '2020-05-10 19:55:42', '2020-05-10 19:55:42'),
(164, 37, 'Mr. Jerod Davis', 'Facilis maxime exercitationem totam et vel omnis ipsam. Ad optio eius voluptas. Quasi non molestias recusandae debitis sed. Provident omnis commodi officia quia minima accusantium.', 1, '2020-05-10 19:55:42', '2020-05-10 19:55:42'),
(165, 7, 'Foster Brakus', 'Vitae qui rerum aut veniam. Recusandae harum qui sed. Doloribus sint consequatur quos voluptatem delectus dicta. Rerum omnis minus explicabo ipsa illo ducimus nulla. Amet aut repudiandae sequi voluptas est in.', 0, '2020-05-10 19:55:42', '2020-05-10 19:55:42'),
(166, 34, 'Jacynthe Stoltenberg', 'Earum placeat recusandae fugit a accusantium veritatis. Reiciendis occaecati repellat architecto. Id aspernatur placeat est fuga sapiente molestias.', 0, '2020-05-10 19:55:42', '2020-05-10 19:55:42'),
(167, 21, 'Gaetano Jacobs IV', 'Architecto et dolore ipsam quis veritatis. Possimus aut quidem qui aut laudantium labore. Debitis totam reprehenderit atque aut consequatur. Sint unde vitae exercitationem facere reiciendis cum repellendus.', 2, '2020-05-10 19:55:42', '2020-05-10 19:55:42'),
(168, 22, 'Mrs. Alexandria Dicki DVM', 'Et eos quia ducimus illum qui. Similique nam est eligendi consequatur animi sint ea. Vel pariatur reiciendis cupiditate.', 2, '2020-05-10 19:55:42', '2020-05-10 19:55:42'),
(169, 17, 'Kariane Wuckert', 'Esse non natus odio aut consequuntur voluptatem enim. Alias aliquid vero unde exercitationem laborum quos perspiciatis ut.', 4, '2020-05-10 19:55:42', '2020-05-10 19:55:42'),
(170, 5, 'Ms. Leanna Prosacco', 'Voluptates ex nisi et fugit temporibus est dicta modi. Perspiciatis et quas debitis. Hic est provident maxime fuga. Et consequatur et vel doloribus tempore.', 0, '2020-05-10 19:55:42', '2020-05-10 19:55:42'),
(171, 16, 'Jaquan Lemke', 'Rem culpa eos dignissimos earum voluptatem vero laudantium. Id laborum eum non ipsam inventore voluptate. Ut repellendus sit velit aut distinctio. Maiores cum sunt et ullam.', 1, '2020-05-10 19:55:42', '2020-05-10 19:55:42'),
(172, 20, 'Prof. Taurean Sanford I', 'Minus facilis eum est quia aliquam exercitationem quis. Voluptas placeat minima repudiandae autem asperiores rerum sequi. Corrupti dolores enim quisquam fugiat quidem itaque ut. Alias et est iure deserunt.', 4, '2020-05-10 19:55:42', '2020-05-10 19:55:42'),
(173, 43, 'Dixie Stanton', 'Dolor qui quo sunt ducimus. Harum voluptates quia sunt rerum et nostrum consequatur numquam. Maiores cupiditate excepturi recusandae delectus veritatis exercitationem non.', 1, '2020-05-10 19:55:42', '2020-05-10 19:55:42'),
(174, 44, 'Prof. Everette Anderson PhD', 'Error repellendus beatae deleniti et molestiae qui ut. Sit consequuntur aspernatur cum autem.', 0, '2020-05-10 19:55:42', '2020-05-10 19:55:42'),
(175, 33, 'Flo Ortiz', 'Aspernatur enim est aut aut rerum nobis eos cum. Culpa vero et voluptatem quaerat. Eos animi aut id sunt.', 0, '2020-05-10 19:55:42', '2020-05-10 19:55:42'),
(176, 31, 'Chauncey Hoppe', 'Et voluptas enim inventore voluptas. Et et eos natus esse ducimus illum voluptatibus. Et nisi qui voluptatem qui dolorem.', 0, '2020-05-10 19:55:42', '2020-05-10 19:55:42'),
(177, 7, 'Reece Hartmann', 'Repellendus aspernatur dolores totam eligendi. Harum vel magni sapiente nihil dolore rerum voluptas. Est debitis et et natus vitae. Voluptatum alias ex architecto et ut iste totam laborum.', 4, '2020-05-10 19:55:42', '2020-05-10 19:55:42'),
(178, 32, 'Sarah Bruen III', 'Harum quia voluptatibus ipsa vitae quas aut natus. Optio eum omnis excepturi tenetur modi. Quidem ipsum laborum placeat aperiam dolores. Dolor sapiente nesciunt ratione officia architecto.', 2, '2020-05-10 19:55:42', '2020-05-10 19:55:42'),
(179, 12, 'Prof. London Sanford', 'Velit quam eaque qui reprehenderit id debitis voluptatibus. Laboriosam vel quia recusandae et molestiae esse animi. A doloribus expedita earum nam asperiores voluptate occaecati.', 2, '2020-05-10 19:55:42', '2020-05-10 19:55:42'),
(180, 40, 'Eliane Durgan', 'Rerum odit explicabo in aliquid odio voluptatem nobis. Voluptas animi itaque ipsum ab adipisci expedita. Consequatur reprehenderit non fugit tenetur iusto deleniti sed. Quaerat aperiam quibusdam eius atque.', 5, '2020-05-10 19:55:42', '2020-05-10 19:55:42'),
(181, 11, 'Ms. Hermina Goldner', 'Dolor soluta suscipit dolorem inventore quo. Recusandae expedita omnis possimus doloremque. Sed suscipit accusantium sed quibusdam et.', 1, '2020-05-10 19:55:42', '2020-05-10 19:55:42'),
(182, 35, 'Haven Simonis', 'Non sunt et non et deserunt. Commodi rem ex neque velit vero. Voluptatum molestias fuga sed accusantium et nobis aut. Deserunt enim iure odio eaque laboriosam voluptatem blanditiis qui.', 4, '2020-05-10 19:55:42', '2020-05-10 19:55:42'),
(183, 17, 'Webster Larson', 'Asperiores rerum sint et ipsum et minima quidem. Nesciunt aut vitae rerum dignissimos omnis neque dicta aut. Sint distinctio expedita aut incidunt et nulla.', 5, '2020-05-10 19:55:42', '2020-05-10 19:55:42'),
(184, 35, 'Crawford Nikolaus III', 'Est soluta sit incidunt dolorem tempore illo quam. Rerum repellendus sit et neque voluptas doloribus quia quae.', 4, '2020-05-10 19:55:42', '2020-05-10 19:55:42'),
(185, 44, 'Miss Ressie O\'Connell IV', 'Est in qui quae omnis doloremque rerum autem. Commodi laboriosam minus excepturi quas ut cumque quia. Laudantium qui aut eos nam aut repellat quam.', 1, '2020-05-10 19:55:42', '2020-05-10 19:55:42'),
(186, 18, 'Mrs. Maxie Doyle', 'Aut velit a et. Ratione a et non aspernatur aliquid et est modi. Consectetur et accusantium voluptatem qui. Et velit iste natus quis nobis nisi cumque quod.', 3, '2020-05-10 19:55:42', '2020-05-10 19:55:42'),
(187, 47, 'Dr. Carter Romaguera', 'Labore consequatur pariatur velit quod consequuntur. Aut nam ab possimus soluta illo qui laudantium iste. Accusamus possimus nam hic esse natus quia unde et.', 2, '2020-05-10 19:55:42', '2020-05-10 19:55:42'),
(188, 8, 'Agustina Lakin', 'Expedita architecto officia animi illo voluptas minus. Illum aut exercitationem blanditiis a ipsa fugit occaecati. Ea et quis est quia rerum at asperiores et.', 1, '2020-05-10 19:55:42', '2020-05-10 19:55:42'),
(189, 37, 'Miss Florida Fay', 'Illum unde ipsum quasi sed vel sed accusamus. Molestiae consequatur qui voluptatum vero qui magni. Qui autem dolor ut sint voluptas ut nesciunt.', 2, '2020-05-10 19:55:42', '2020-05-10 19:55:42'),
(190, 11, 'Quinton Kihn', 'Accusamus corrupti nostrum quasi repellendus harum accusantium. Et voluptatibus et et et nemo praesentium. Eos voluptatem ut qui. Quae velit sint ut et nulla atque.', 4, '2020-05-10 19:55:42', '2020-05-10 19:55:42'),
(191, 39, 'Reba Prohaska', 'Numquam repellat qui cupiditate saepe amet et. Fugiat sit et aut excepturi nobis. Aspernatur esse libero veniam perferendis earum. Autem facere molestiae qui voluptas vero laudantium cupiditate.', 3, '2020-05-10 19:55:42', '2020-05-10 19:55:42'),
(192, 30, 'Mr. Ansley Macejkovic', 'Occaecati error aut blanditiis quia numquam magnam sit. Adipisci quo et dolore at mollitia recusandae.', 3, '2020-05-10 19:55:42', '2020-05-10 19:55:42'),
(193, 40, 'Althea Flatley', 'Voluptatibus deserunt esse numquam. Nisi delectus est et distinctio. Vero iusto sunt facilis nostrum perferendis et optio. Unde sit aspernatur placeat vitae voluptatem omnis.', 2, '2020-05-10 19:55:42', '2020-05-10 19:55:42'),
(194, 39, 'Lawrence McCullough', 'Vel aut recusandae quidem quod quibusdam et. Incidunt similique saepe et sequi et. Fugiat blanditiis fugit ex ea ipsum nihil. Ad ut temporibus recusandae voluptas dolorum.', 4, '2020-05-10 19:55:42', '2020-05-10 19:55:42'),
(195, 39, 'Elton Herman', 'Amet dolores provident et ab asperiores adipisci. Dicta error a rem officiis dolores voluptates. Laboriosam eum ut et cum omnis.', 3, '2020-05-10 19:55:42', '2020-05-10 19:55:42'),
(196, 38, 'Aidan Kessler', 'Libero non quos a ad ab quae. Aspernatur voluptatem ea facere itaque ipsam voluptatem id odit. Alias maiores accusamus tempora sequi. Totam repudiandae consectetur voluptatem sapiente.', 4, '2020-05-10 19:55:42', '2020-05-10 19:55:42'),
(197, 46, 'Pauline Schuppe', 'Perspiciatis deserunt ea placeat sit distinctio qui eos. Perspiciatis modi sed officia voluptatem. Repellat odit perspiciatis est et adipisci delectus.', 2, '2020-05-10 19:55:42', '2020-05-10 19:55:42'),
(198, 17, 'Dangelo Sawayn', 'Sed qui culpa est aut nisi. Doloribus corrupti quibusdam hic cumque.', 3, '2020-05-10 19:55:42', '2020-05-10 19:55:42'),
(199, 19, 'Jermaine Batz', 'Quaerat error at adipisci quia dolorem. Consequatur omnis atque fugit mollitia. Ullam ab delectus illum omnis dolorem voluptatem eos.', 2, '2020-05-10 19:55:42', '2020-05-10 19:55:42'),
(200, 5, 'Reece Johnston', 'Dolore nemo nihil id quaerat est. Nostrum animi perferendis corrupti dolor sit aliquid sunt. Est quo repellendus quaerat voluptates rerum.', 1, '2020-05-10 19:55:42', '2020-05-10 19:55:42'),
(201, 32, 'Mattie Medhurst', 'Est nostrum nesciunt velit necessitatibus aut. Optio aut voluptatem consectetur tempore ducimus et. Aut sit atque occaecati.', 3, '2020-05-10 19:55:42', '2020-05-10 19:55:42'),
(202, 34, 'Keaton Bashirian', 'Voluptates odit ipsa modi ut modi porro laboriosam. Perferendis eum assumenda ad ex nisi. Voluptatem cupiditate eligendi eius consequuntur perspiciatis et soluta. Et minima culpa adipisci odio.', 0, '2020-05-10 19:55:42', '2020-05-10 19:55:42'),
(203, 12, 'Prof. Wyatt Okuneva IV', 'Ut eligendi ex optio perferendis ex non. Quia blanditiis nihil adipisci harum dolores veritatis. Sint eos dignissimos corrupti nobis saepe non et.', 1, '2020-05-10 19:55:42', '2020-05-10 19:55:42'),
(204, 2, 'Prof. Francisca Cartwright V', 'Eligendi molestias a itaque quis nesciunt. Temporibus sed recusandae sunt qui excepturi quia. Laboriosam rerum illum a. Non saepe ut ut recusandae nam eos.', 2, '2020-05-10 19:55:42', '2020-05-10 19:55:42'),
(205, 11, 'Jarrell Ruecker', 'Doloribus veritatis labore accusamus ipsum aliquam. Voluptatem ut laudantium dolore. Soluta optio quaerat atque quia magnam eos. Quia velit quod enim voluptatum.', 3, '2020-05-10 19:55:42', '2020-05-10 19:55:42'),
(206, 14, 'Katarina Moen', 'Doloremque quo ducimus pariatur voluptatem libero laboriosam. Fugiat placeat sit ex ut sed. Sunt eligendi libero excepturi ut.', 3, '2020-05-10 19:55:42', '2020-05-10 19:55:42'),
(207, 42, 'Prof. Adan Kling V', 'Impedit at aut ea maxime veniam ipsum. Facere id repellendus itaque ex corporis. Quaerat et laudantium delectus minus. Omnis quia odit est ut.', 5, '2020-05-10 19:55:42', '2020-05-10 19:55:42'),
(208, 40, 'Kraig Marvin', 'Quia est porro quae qui. Eos rem enim sint ut fuga reprehenderit dolores quisquam. Excepturi eaque qui dolores dolorum facilis.', 1, '2020-05-10 19:55:42', '2020-05-10 19:55:42'),
(209, 10, 'Darlene Schamberger', 'Tempore numquam aut incidunt officia maxime quisquam. Voluptates molestiae consequuntur quia porro. Eum nobis consequuntur nemo ut voluptatibus non voluptatem. Soluta aut sunt vero ea iste.', 1, '2020-05-10 19:55:42', '2020-05-10 19:55:42'),
(210, 48, 'Katlyn Dibbert', 'Ab qui ab harum sed sequi quia sed. Adipisci voluptate distinctio officia modi. Enim consequatur dolorum voluptatem.', 5, '2020-05-10 19:55:42', '2020-05-10 19:55:42'),
(211, 11, 'Tevin Casper', 'Deleniti ut totam sunt mollitia rem a. Vel aut aut quasi dolorem voluptatum veritatis et. Consequatur explicabo sed error quae dolore et sit.', 5, '2020-05-10 19:55:42', '2020-05-10 19:55:42'),
(212, 37, 'Trystan Rodriguez', 'Et fugit praesentium ut nostrum incidunt. Aut assumenda fuga rem illo esse hic. Eum voluptatem ratione nostrum unde quidem consequuntur. Vel accusamus sint et recusandae similique delectus.', 3, '2020-05-10 19:55:42', '2020-05-10 19:55:42');
INSERT INTO `reviews` (`id`, `product_id`, `customer`, `review`, `star`, `created_at`, `updated_at`) VALUES
(213, 28, 'Gerda Balistreri', 'Quas saepe non voluptatem exercitationem. Aut blanditiis consequatur voluptatem necessitatibus. Quia fugiat qui sunt ut unde similique ut aperiam.', 4, '2020-05-10 19:55:42', '2020-05-10 19:55:42'),
(214, 5, 'Lina Daniel', 'Autem quae culpa officiis voluptatum et. Illum laborum sit at ut debitis. Fugit assumenda sint illo similique consequatur.', 2, '2020-05-10 19:55:42', '2020-05-10 19:55:42'),
(215, 5, 'Mateo Marvin', 'Sed deserunt architecto accusamus earum ducimus. Fuga vero dolores error tempora laboriosam sint quam. Necessitatibus nulla et eius nostrum. Voluptate enim vel ipsa debitis accusamus.', 4, '2020-05-10 19:55:42', '2020-05-10 19:55:42'),
(216, 16, 'Cale Terry MD', 'Est dignissimos repellat perspiciatis fugit molestiae quo. Omnis facilis qui nobis molestias iure. Voluptatem aut quia in mollitia veritatis molestiae iste.', 3, '2020-05-10 19:55:42', '2020-05-10 19:55:42'),
(217, 14, 'Leatha Wyman', 'Est laboriosam exercitationem magni assumenda et sapiente. Aut praesentium praesentium numquam. Nemo est consequatur ut.', 4, '2020-05-10 19:55:42', '2020-05-10 19:55:42'),
(218, 23, 'Kolby Streich', 'Qui enim excepturi est voluptatem nisi distinctio ex. Ratione repellendus molestiae est blanditiis. Sit nisi et recusandae.', 5, '2020-05-10 19:55:42', '2020-05-10 19:55:42'),
(219, 23, 'Lesly Kautzer', 'Ipsum suscipit soluta eos tempore necessitatibus placeat ut. Fuga sapiente est ut amet aut temporibus nisi. Totam ullam adipisci praesentium debitis aut culpa id.', 3, '2020-05-10 19:55:42', '2020-05-10 19:55:42'),
(220, 14, 'Prof. Alf Wilderman', 'Ullam numquam sit odit rerum delectus. Qui minima id laborum esse quis reiciendis nihil. Et non qui aut amet delectus. Alias quod ab voluptas est doloremque.', 0, '2020-05-10 19:55:42', '2020-05-10 19:55:42'),
(221, 22, 'Reid Spinka', 'Qui magni laborum unde ut magni pariatur. Suscipit ea suscipit temporibus corrupti. A saepe ad alias autem necessitatibus et non.', 4, '2020-05-10 19:55:42', '2020-05-10 19:55:42'),
(222, 27, 'Prof. Haskell VonRueden Sr.', 'Consectetur nihil in aut voluptatem dolores error ipsa. Illo soluta facilis delectus. Nostrum in sed doloribus quidem quia exercitationem quo. In delectus in reiciendis suscipit. Nemo quaerat et tempore quos.', 4, '2020-05-10 19:55:42', '2020-05-10 19:55:42'),
(223, 6, 'Elsa Huels II', 'Voluptas atque corrupti aliquid eligendi quae minima reprehenderit. Ex pariatur vel id ut nihil earum. Non tenetur quaerat placeat corrupti et.', 3, '2020-05-10 19:55:42', '2020-05-10 19:55:42'),
(224, 14, 'Emelie Olson', 'Maiores odio sint unde. Rerum est incidunt velit nobis et nam et. Ea et voluptatem dolor voluptatem rerum.', 5, '2020-05-10 19:55:42', '2020-05-10 19:55:42'),
(225, 35, 'Asa Bins', 'Est velit enim saepe ut. Pariatur voluptates velit et repellat et blanditiis porro. Voluptatem harum fugiat quam repudiandae facilis quis optio autem.', 5, '2020-05-10 19:55:42', '2020-05-10 19:55:42'),
(226, 49, 'Ms. Blanche Pfannerstill MD', 'Laborum dolorum incidunt alias eum tempore perferendis. Est possimus aut unde sed ratione voluptas quis fugit. Est sint totam dolorem rem animi tempora quasi.', 5, '2020-05-10 19:55:42', '2020-05-10 19:55:42'),
(227, 50, 'Araceli Stroman', 'Ipsa libero ut ducimus beatae. Aut dicta eveniet autem dolorem qui odio. Reiciendis qui tempore commodi eaque odit ut.', 3, '2020-05-10 19:55:42', '2020-05-10 19:55:42'),
(228, 17, 'Dr. Adelbert Beer I', 'Mollitia est minus modi repellendus iusto minima corporis earum. Et amet corrupti consequatur rem eveniet corporis ex harum. Velit ipsa rerum dolores a. Aut quisquam dicta ex reprehenderit et possimus pariatur.', 3, '2020-05-10 19:55:42', '2020-05-10 19:55:42'),
(229, 12, 'Will Abbott', 'Odit dolores atque deleniti occaecati aut odio perspiciatis. Omnis omnis officia repudiandae. Voluptas esse ipsam enim iure quis. Ratione reiciendis laudantium commodi corporis quisquam.', 3, '2020-05-10 19:55:42', '2020-05-10 19:55:42'),
(230, 9, 'Davon Jast', 'Nihil perspiciatis sit voluptates recusandae. Quibusdam aut consectetur ut voluptatem suscipit ipsum. Id voluptates laborum suscipit et sed magnam nobis.', 4, '2020-05-10 19:55:42', '2020-05-10 19:55:42'),
(231, 29, 'Ila Howe', 'Consequatur vitae nihil corrupti est vel. Dolore rem aut ea quis. Et sunt id ratione reprehenderit quae.', 2, '2020-05-10 19:55:42', '2020-05-10 19:55:42'),
(232, 46, 'Jonatan Cummerata', 'Dicta atque ut quis at. Culpa optio recusandae aut quaerat perferendis. Illo laborum repudiandae et hic corrupti. Quos temporibus quibusdam reprehenderit molestiae optio. Eos animi et explicabo omnis in rem dolorem.', 0, '2020-05-10 19:55:42', '2020-05-10 19:55:42'),
(233, 30, 'Zoe Bogisich', 'Aliquid quo dolore libero minus facere ut maxime. Illo consequuntur non molestiae molestiae. Ea ipsa maxime sint natus incidunt repellendus aspernatur sunt. Dolorem laudantium voluptate ipsa et adipisci occaecati.', 1, '2020-05-10 19:55:42', '2020-05-10 19:55:42'),
(234, 18, 'Joyce Kunze III', 'Aut cum qui officiis voluptatibus dolores eaque aliquid. Doloribus sit unde earum velit repellat quo. Asperiores reprehenderit sit sint corporis.', 3, '2020-05-10 19:55:42', '2020-05-10 19:55:42'),
(235, 21, 'Brant Daniel PhD', 'Nobis nihil consequatur illo omnis sit molestias voluptatem facilis. Accusantium sequi quod sed ea autem voluptatem nesciunt et. Delectus impedit et cum veritatis ullam eum commodi. Cum dolorem et soluta possimus architecto.', 3, '2020-05-10 19:55:42', '2020-05-10 19:55:42'),
(236, 29, 'Prof. Adrianna Lebsack', 'Soluta natus tenetur eveniet provident veritatis. Pariatur commodi vero quidem ducimus reprehenderit nihil sit illum. Ad qui facere excepturi eum. Ea neque eum sequi dolore numquam nostrum.', 3, '2020-05-10 19:55:42', '2020-05-10 19:55:42'),
(237, 44, 'Chanelle Bauch', 'Aut fugiat molestias eveniet velit eveniet. Aut cum sunt id id quas. Eveniet officia est labore eaque. Perferendis ut tempore vel dolores nihil earum quam.', 0, '2020-05-10 19:55:42', '2020-05-10 19:55:42'),
(238, 46, 'Haskell Cartwright', 'Ratione molestiae eos aut et impedit. Est itaque sed vel ipsam et est nemo. Repellendus voluptates reiciendis dolore sapiente dignissimos.', 3, '2020-05-10 19:55:42', '2020-05-10 19:55:42'),
(239, 38, 'Gardner Gottlieb I', 'Laudantium sit dolorem dicta enim qui. Molestiae vel nam consequuntur dolor commodi quia sint. Vel est facilis consequatur labore ea autem commodi et.', 1, '2020-05-10 19:55:42', '2020-05-10 19:55:42'),
(240, 4, 'Milan Denesik', 'Ut aperiam exercitationem dolores placeat placeat reprehenderit. Enim et laborum commodi est. Aperiam et occaecati repellendus ipsa at non.', 3, '2020-05-10 19:55:42', '2020-05-10 19:55:42'),
(241, 37, 'Jennings Botsford', 'Delectus a non cumque ipsam quisquam fugit. Est quibusdam est explicabo neque et. Quia ad nihil vitae vel accusantium.', 4, '2020-05-10 19:55:42', '2020-05-10 19:55:42'),
(242, 50, 'Judah Shanahan', 'Ducimus neque quaerat eos aut veritatis qui dolore. Omnis ratione laudantium ut magni consequatur. Minus exercitationem voluptatem quam placeat porro. Culpa molestias neque nulla ullam earum architecto.', 0, '2020-05-10 19:55:42', '2020-05-10 19:55:42'),
(243, 41, 'Mr. Gillian Quigley', 'Iusto architecto ullam occaecati molestiae accusantium natus aperiam. Voluptatem sint inventore ab alias. Atque omnis sed consectetur ab.', 4, '2020-05-10 19:55:42', '2020-05-10 19:55:42'),
(244, 5, 'Keyon O\'Keefe III', 'Expedita deleniti animi reprehenderit inventore est deserunt exercitationem. Rem nesciunt eos incidunt in eveniet. Reiciendis perferendis distinctio quia sed earum vero.', 3, '2020-05-10 19:55:42', '2020-05-10 19:55:42'),
(245, 33, 'Jane Rodriguez', 'Rerum id reiciendis ut sed quas quam. Iste consequuntur dolor adipisci sapiente cupiditate nihil. Quasi ut sunt explicabo quos veniam. Ipsa qui ipsum enim sed.', 1, '2020-05-10 19:55:42', '2020-05-10 19:55:42'),
(246, 7, 'Vernice Rau', 'Et atque officia minima consequatur aut quia. Debitis sunt consequatur accusantium molestiae ut. Voluptatem in tempora rerum doloribus tempora commodi impedit. Tenetur vero officiis praesentium facilis sint soluta ipsam magni.', 1, '2020-05-10 19:55:42', '2020-05-10 19:55:42'),
(247, 3, 'Dr. Reinhold Dooley', 'Eius ipsum est minima pariatur placeat. Similique perspiciatis iure nihil eos et doloribus culpa.', 5, '2020-05-10 19:55:42', '2020-05-10 19:55:42'),
(248, 50, 'Lavern Lockman', 'Voluptate quia sint repellat labore consectetur beatae minus. Molestias veniam ea est ut tempore cumque quia blanditiis. Qui voluptatibus non eum inventore facere. Hic beatae quia doloremque porro ratione.', 4, '2020-05-10 19:55:42', '2020-05-10 19:55:42'),
(249, 30, 'Ms. Heaven Morar', 'Nisi impedit iusto quia veniam distinctio quia. Voluptatem soluta reprehenderit ipsum at. Beatae ut aut et maxime similique reiciendis id possimus.', 0, '2020-05-10 19:55:42', '2020-05-10 19:55:42'),
(250, 49, 'Bruce Gottlieb', 'Consectetur id et magni voluptate. Aut unde odit saepe quia.', 0, '2020-05-10 19:55:42', '2020-05-10 19:55:42'),
(251, 15, 'Prof. Ernesto Bauch III', 'Praesentium molestias cum aliquam excepturi eum ipsa non. Ut in ea incidunt aut dolores. Accusamus quia corrupti quos dolores.', 3, '2020-05-10 19:55:42', '2020-05-10 19:55:42'),
(252, 26, 'Miss Lilyan Ratke DVM', 'Officia hic dolorem est aperiam. Neque voluptatem aperiam quia quaerat. Vitae ducimus suscipit vitae molestiae accusantium. Nulla est dolorum suscipit commodi officia tempore aut tenetur.', 2, '2020-05-10 19:55:42', '2020-05-10 19:55:42'),
(253, 31, 'Ms. Misty Tromp V', 'Atque sed dolor possimus voluptas accusantium quia numquam. Cupiditate illum cupiditate qui nostrum ducimus perspiciatis. Voluptas et quod ut officia. Nam cum suscipit suscipit.', 3, '2020-05-10 19:55:42', '2020-05-10 19:55:42'),
(254, 1, 'Bradford Bartell', 'Non rerum minus laudantium et et maxime corrupti vel. Repudiandae ea rerum vero quo dolorem perspiciatis sequi quidem. Eveniet accusantium ut fugiat est.', 4, '2020-05-10 19:55:42', '2020-05-10 19:55:42'),
(255, 27, 'Ocie White', 'Alias ut unde quaerat vero. Est error tempore perspiciatis ea a dolor suscipit. Dicta quis animi qui harum officiis molestias. Culpa sit quisquam magni nulla officia corporis.', 3, '2020-05-10 19:55:42', '2020-05-10 19:55:42'),
(256, 31, 'Kylee Prosacco IV', 'Eligendi sunt placeat labore ut nihil dolore. Et aut ea sit. Vel commodi quidem dolor necessitatibus corporis illum dolorem. Esse accusamus id consequatur sapiente recusandae cupiditate.', 0, '2020-05-10 19:55:42', '2020-05-10 19:55:42'),
(257, 26, 'Gerry Kerluke', 'Nulla dicta nobis minima fugiat. Dolores quaerat qui adipisci est. Atque incidunt in repellat debitis veritatis qui. Sint et consequatur maiores eos mollitia corrupti id quo.', 2, '2020-05-10 19:55:42', '2020-05-10 19:55:42'),
(258, 36, 'Madisen Donnelly', 'Libero sunt laborum quo placeat dolor ad repellendus. Nihil quisquam labore quo aut. Quae ut minus voluptas quia maiores sit.', 3, '2020-05-10 19:55:42', '2020-05-10 19:55:42'),
(259, 44, 'Dr. Dalton Mertz', 'Animi qui culpa amet corporis. A expedita ut id impedit fugiat quo perferendis quod.', 2, '2020-05-10 19:55:42', '2020-05-10 19:55:42'),
(260, 9, 'Tyree Hauck', 'Dolores consectetur aut possimus aspernatur laboriosam id et. Accusamus illo ut consequuntur est. Consequatur possimus veniam temporibus. Ea itaque vitae et ut ut corporis officiis. Non repellendus aspernatur aut.', 4, '2020-05-10 19:55:42', '2020-05-10 19:55:42'),
(261, 25, 'Pattie Shanahan', 'Perspiciatis non distinctio nesciunt officiis qui non. Et voluptas culpa distinctio rerum. Eum molestiae veniam vero ducimus iure itaque autem.', 4, '2020-05-10 19:55:42', '2020-05-10 19:55:42'),
(262, 5, 'Missouri Oberbrunner', 'Quaerat omnis alias sit est fugit vel accusamus. Voluptas velit quo aut voluptatibus et at nostrum.', 5, '2020-05-10 19:55:42', '2020-05-10 19:55:42'),
(263, 28, 'Dr. Lelah Emmerich', 'Est sint aut non labore explicabo soluta voluptatem. Autem totam vitae illo occaecati ab at facere. Impedit est minus officiis aut. Rerum optio quia odit veritatis deleniti ut sed suscipit.', 1, '2020-05-10 19:55:42', '2020-05-10 19:55:42'),
(264, 48, 'Eudora Jacobson', 'Nemo culpa et vero consequuntur officiis et natus. Est voluptatem aperiam distinctio iure culpa illo. Perspiciatis quos aut veniam asperiores occaecati. Enim blanditiis illo nihil nostrum quos incidunt.', 4, '2020-05-10 19:55:42', '2020-05-10 19:55:42'),
(265, 8, 'Orie Dach', 'Et porro distinctio et autem occaecati consequatur. Voluptas molestiae alias et ipsam. At ut fuga ut perferendis facilis molestiae.', 2, '2020-05-10 19:55:42', '2020-05-10 19:55:42'),
(266, 28, 'Robin Cummerata', 'Est eum repudiandae assumenda ducimus cumque. Recusandae non architecto enim et pariatur quia. At recusandae aut et cumque voluptatum. Quam eaque iusto saepe.', 1, '2020-05-10 19:55:42', '2020-05-10 19:55:42'),
(267, 12, 'Dr. Loyal Schulist MD', 'Quidem omnis impedit totam rem cupiditate et non. Animi cupiditate doloremque aliquid ipsa ut. Eos autem nostrum ullam velit omnis.', 3, '2020-05-10 19:55:42', '2020-05-10 19:55:42'),
(268, 12, 'Grace O\'Kon', 'Eos alias amet ut sit sequi officia. Qui aut maiores et laudantium. Tenetur facilis recusandae aperiam dolorum.', 1, '2020-05-10 19:55:42', '2020-05-10 19:55:42'),
(269, 46, 'Nathen Johnson Jr.', 'Vero dicta qui qui cum. In harum voluptas laboriosam. Sed et maxime provident maxime. Hic ea accusamus aspernatur aut reiciendis. Dolor est doloribus quibusdam debitis.', 0, '2020-05-10 19:55:42', '2020-05-10 19:55:42'),
(270, 32, 'Autumn Little', 'Voluptatem voluptas cumque modi tempore fugit adipisci debitis. Eum voluptates mollitia consequatur at autem qui tempore. Porro a delectus sequi possimus qui quae neque. Quae expedita excepturi voluptatem magni.', 4, '2020-05-10 19:55:42', '2020-05-10 19:55:42'),
(271, 10, 'Pattie Crooks', 'Commodi iste autem ea explicabo sint et architecto ullam. Et animi qui maiores omnis autem. Nemo corporis et beatae quod.', 5, '2020-05-10 19:55:42', '2020-05-10 19:55:42'),
(272, 33, 'Prof. Gussie Ryan I', 'Sed quam magni aspernatur explicabo maiores aperiam. Similique accusantium molestias temporibus explicabo quis non debitis. Rerum corporis fugit vitae id exercitationem est rerum. Tempore et est dolor et optio tempora excepturi praesentium.', 5, '2020-05-10 19:55:42', '2020-05-10 19:55:42'),
(273, 4, 'Hortense Kemmer', 'Quasi recusandae excepturi porro amet error iure. Corrupti enim assumenda eos cum a quasi minima. Omnis autem dolorum possimus molestiae et non. Sequi eveniet repellat et quia velit eaque. Sint rerum assumenda facere debitis amet reprehenderit.', 1, '2020-05-10 19:55:42', '2020-05-10 19:55:42'),
(274, 26, 'Karlie Beer Sr.', 'Qui consequatur et explicabo fuga quia nobis. Reprehenderit nulla repudiandae expedita voluptas natus quos est nihil. Beatae voluptatem facilis vitae enim.', 5, '2020-05-10 19:55:42', '2020-05-10 19:55:42'),
(275, 27, 'Antwan McClure', 'Unde quas enim et corporis. Eaque velit eos ratione et. Ut quod ut autem soluta minus eum tempora.', 1, '2020-05-10 19:55:42', '2020-05-10 19:55:42'),
(276, 20, 'Jerrell Quigley', 'Minus ea perspiciatis vero ea tempore enim vel. Repellat facere autem dolores ipsam voluptatem. Voluptatem aliquid officiis voluptatem laboriosam et aut eius illum.', 1, '2020-05-10 19:55:42', '2020-05-10 19:55:42'),
(277, 27, 'Prof. Jamir Weimann V', 'Sed nostrum voluptates sapiente reprehenderit molestiae voluptatem aspernatur. Provident fuga adipisci porro id. Voluptatem velit amet et numquam pariatur. Accusamus voluptas odio qui ad quos eum quaerat earum.', 1, '2020-05-10 19:55:42', '2020-05-10 19:55:42'),
(278, 11, 'Prof. Theron Corwin I', 'Tempore quia aut itaque animi aperiam est. Autem iste dolore et et perferendis voluptatibus sed. Molestiae vero nemo esse voluptatem nesciunt quia.', 3, '2020-05-10 19:55:42', '2020-05-10 19:55:42'),
(279, 10, 'Orion Rempel', 'Quam autem nihil consequatur id aut ipsum rerum. Dignissimos libero aliquid aut placeat. Dolor est ut aliquam eos aut.', 4, '2020-05-10 19:55:42', '2020-05-10 19:55:42'),
(280, 50, 'Earlene Ledner', 'Commodi voluptatem est id aut. Rerum est in delectus et molestias reprehenderit nisi.', 0, '2020-05-10 19:55:42', '2020-05-10 19:55:42'),
(281, 3, 'Lennie Nienow', 'Voluptatem nesciunt ut et rem aut. Eum ipsam quasi pariatur ipsam molestias minus. Alias minima possimus voluptates omnis et dolorum sed. Dolore et magnam aut autem qui officiis blanditiis.', 4, '2020-05-10 19:55:42', '2020-05-10 19:55:42'),
(282, 34, 'Carolyne Bashirian', 'Et saepe sit omnis. Vel dolor voluptatem corporis suscipit vero repellat. Odio et magni accusamus ad ad odio. Eos unde consequatur enim velit molestiae.', 1, '2020-05-10 19:55:42', '2020-05-10 19:55:42'),
(283, 32, 'Dr. Clair Cronin', 'Mollitia qui omnis ut unde quod incidunt. Exercitationem dolores quo saepe et accusantium quos. Laborum facilis accusantium laboriosam sit.', 3, '2020-05-10 19:55:42', '2020-05-10 19:55:42'),
(284, 44, 'Mr. Jerod Emard', 'Quia amet sed beatae at similique. Aut pariatur dolor sint similique. Provident officia reiciendis dolorum veniam cupiditate. Rem accusantium sed maiores possimus deserunt voluptatem recusandae.', 2, '2020-05-10 19:55:42', '2020-05-10 19:55:42'),
(285, 27, 'Rosalia O\'Keefe', 'Adipisci maxime dolores id ut impedit. Et eaque dolor odio ullam libero. Voluptas voluptas est nemo voluptas quidem ad aut. Qui est similique at quis delectus.', 3, '2020-05-10 19:55:42', '2020-05-10 19:55:42'),
(286, 48, 'Nicholaus Konopelski', 'Neque non eum explicabo velit dolor similique asperiores provident. Explicabo quia modi est expedita quo. Qui magnam ut nostrum autem architecto odio. Perspiciatis sapiente doloribus nihil ipsum voluptatibus repudiandae earum.', 4, '2020-05-10 19:55:42', '2020-05-10 19:55:42'),
(287, 30, 'Mrs. Monica Barrows MD', 'Distinctio sunt voluptas ea quasi. Consequatur consequatur quae sit ut. Perferendis rerum est et repudiandae quo voluptatem nobis.', 1, '2020-05-10 19:55:42', '2020-05-10 19:55:42'),
(288, 43, 'Eunice Flatley Sr.', 'Natus impedit et debitis id. Provident ipsa qui ducimus. Asperiores est consequatur nostrum vel in similique hic. Itaque perferendis id quidem vero.', 0, '2020-05-10 19:55:42', '2020-05-10 19:55:42'),
(289, 40, 'Patsy Leannon Sr.', 'A quia ut et et nobis. Voluptatem velit sint beatae iste et tempore repellat. Dolor aperiam non aut voluptatem molestiae.', 1, '2020-05-10 19:55:42', '2020-05-10 19:55:42'),
(290, 18, 'Jaida Weimann', 'Quidem velit libero sed voluptatum. Velit aliquid provident corrupti provident cupiditate inventore. Delectus et eaque soluta et. Nesciunt omnis ut odio consequatur aut natus dolores.', 3, '2020-05-10 19:55:42', '2020-05-10 19:55:42'),
(291, 18, 'Nils Herman', 'Esse impedit quidem eum id eius porro totam ex. Repellat dolor quos aut officia saepe rem. Sed ut tempore sint qui. Iure maxime recusandae ut omnis quibusdam.', 4, '2020-05-10 19:55:42', '2020-05-10 19:55:42'),
(292, 50, 'Orlando Jast V', 'Consequuntur vero ut voluptas iusto rerum est. Mollitia nihil aspernatur et quo qui quisquam. Omnis sit distinctio atque. Minus minima et quae recusandae necessitatibus nulla quia reiciendis.', 2, '2020-05-10 19:55:42', '2020-05-10 19:55:42'),
(293, 18, 'Joanie Lowe', 'Hic corrupti maiores sit rerum distinctio ut quas. Et sequi optio quidem vel possimus ut in nostrum. Nobis placeat ut cupiditate error omnis fuga. Reprehenderit atque et id alias illum enim.', 2, '2020-05-10 19:55:42', '2020-05-10 19:55:42'),
(294, 48, 'Mrs. Brigitte Kuhlman', 'Vero incidunt sunt aut reprehenderit officia. Rerum aut praesentium omnis. Asperiores distinctio iste aperiam. Dolores assumenda sed occaecati sit sit magnam est asperiores.', 5, '2020-05-10 19:55:42', '2020-05-10 19:55:42'),
(295, 13, 'Stewart Jacobs I', 'Error aut sit totam nihil aut. Inventore aut facere similique pariatur. Voluptatem sapiente animi veritatis et ea omnis. Et eius dolores labore autem.', 1, '2020-05-10 19:55:42', '2020-05-10 19:55:42'),
(296, 20, 'Yessenia Gutmann', 'Explicabo saepe similique non aliquid molestiae ab molestiae dolor. Sed consequuntur rerum et dignissimos sunt. Voluptas natus molestias accusamus.', 2, '2020-05-10 19:55:42', '2020-05-10 19:55:42'),
(297, 45, 'Thomas Feil', 'Dicta rerum nulla et ut qui consequatur. Sequi amet laborum ut nulla. Laboriosam qui odit consequatur eum voluptas. Ducimus velit et sapiente illum omnis.', 1, '2020-05-10 19:55:42', '2020-05-10 19:55:42'),
(298, 18, 'Mackenzie VonRueden', 'Sed a omnis amet. Voluptates quasi ut ipsam maxime. Libero ipsum eos voluptatum dolores id est. Veritatis voluptatem dignissimos officia dolorum recusandae aut quidem. Enim qui id rem odit quidem repellendus autem.', 2, '2020-05-10 19:55:42', '2020-05-10 19:55:42'),
(299, 32, 'Michel Hickle', 'Debitis quia sint doloremque veritatis ea quasi quas. Eligendi et sunt vel velit. Ducimus molestias quasi quo consectetur. Eius et minus doloribus aperiam aspernatur. Laudantium facilis veniam provident dolores reiciendis quis.', 3, '2020-05-10 19:55:42', '2020-05-10 19:55:42'),
(300, 5, 'Dr. Arlene Satterfield', 'Suscipit temporibus ut consequatur eos autem delectus. Unde placeat quibusdam facere eveniet necessitatibus impedit. Dolores modi qui sunt consequatur.', 3, '2020-05-10 19:55:42', '2020-05-10 19:55:42');

-- --------------------------------------------------------

--
-- Cấu trúc bảng cho bảng `users`
--

CREATE TABLE `users` (
  `id` bigint(20) UNSIGNED NOT NULL,
  `name` varchar(255) COLLATE utf8mb4_unicode_ci NOT NULL,
  `email` varchar(255) COLLATE utf8mb4_unicode_ci NOT NULL,
  `email_verified_at` timestamp NULL DEFAULT NULL,
  `password` varchar(255) COLLATE utf8mb4_unicode_ci NOT NULL,
  `remember_token` varchar(100) COLLATE utf8mb4_unicode_ci DEFAULT NULL,
  `created_at` timestamp NULL DEFAULT NULL,
  `updated_at` timestamp NULL DEFAULT NULL
) ENGINE=InnoDB DEFAULT CHARSET=utf8mb4 COLLATE=utf8mb4_unicode_ci;

--
-- Chỉ mục cho các bảng đã đổ
--

--
-- Chỉ mục cho bảng `migrations`
--
ALTER TABLE `migrations`
  ADD PRIMARY KEY (`id`);

--
-- Chỉ mục cho bảng `password_resets`
--
ALTER TABLE `password_resets`
  ADD KEY `password_resets_email_index` (`email`);

--
-- Chỉ mục cho bảng `products`
--
ALTER TABLE `products`
  ADD PRIMARY KEY (`id`);

--
-- Chỉ mục cho bảng `reviews`
--
ALTER TABLE `reviews`
  ADD PRIMARY KEY (`id`),
  ADD KEY `reviews_product_id_foreign` (`product_id`);

--
-- Chỉ mục cho bảng `users`
--
ALTER TABLE `users`
  ADD PRIMARY KEY (`id`),
  ADD UNIQUE KEY `users_email_unique` (`email`);

--
-- AUTO_INCREMENT cho các bảng đã đổ
--

--
-- AUTO_INCREMENT cho bảng `migrations`
--
ALTER TABLE `migrations`
  MODIFY `id` int(10) UNSIGNED NOT NULL AUTO_INCREMENT, AUTO_INCREMENT=5;

--
-- AUTO_INCREMENT cho bảng `products`
--
ALTER TABLE `products`
  MODIFY `id` int(10) UNSIGNED NOT NULL AUTO_INCREMENT, AUTO_INCREMENT=51;

--
-- AUTO_INCREMENT cho bảng `reviews`
--
ALTER TABLE `reviews`
  MODIFY `id` int(10) UNSIGNED NOT NULL AUTO_INCREMENT, AUTO_INCREMENT=301;

--
-- AUTO_INCREMENT cho bảng `users`
--
ALTER TABLE `users`
  MODIFY `id` bigint(20) UNSIGNED NOT NULL AUTO_INCREMENT;

--
-- Các ràng buộc cho các bảng đã đổ
--

--
-- Các ràng buộc cho bảng `reviews`
--
ALTER TABLE `reviews`
  ADD CONSTRAINT `reviews_product_id_foreign` FOREIGN KEY (`product_id`) REFERENCES `products` (`id`) ON DELETE CASCADE;
COMMIT;

/*!40101 SET CHARACTER_SET_CLIENT=@OLD_CHARACTER_SET_CLIENT */;
/*!40101 SET CHARACTER_SET_RESULTS=@OLD_CHARACTER_SET_RESULTS */;
/*!40101 SET COLLATION_CONNECTION=@OLD_COLLATION_CONNECTION */;
